"country","day","total_revenue","count"
"Afghanistan","2007-02-15","2.99","1"
"Afghanistan","2007-02-18","1.98","2"
"Afghanistan","2007-03-17","2.99","1"
"Afghanistan","2007-03-18","2.99","1"
"Afghanistan","2007-03-19","0.99","1"
"Afghanistan","2007-03-20","11.98","2"
"Afghanistan","2007-03-22","4.99","1"
"Afghanistan","2007-03-23","0.99","1"
"Afghanistan","2007-04-08","6.99","1"
"Afghanistan","2007-04-09","0.99","1"
"Afghanistan","2007-04-10","0.99","1"
"Afghanistan","2007-04-27","13.98","2"
"Afghanistan","2007-04-30","14.97","3"
"Algeria","2007-02-15","5.99","1"
"Algeria","2007-02-16","22.96","4"
"Algeria","2007-02-17","8.99","1"
"Algeria","2007-02-18","12.96","4"
"Algeria","2007-02-20","4.99","1"
"Algeria","2007-02-21","4.99","1"
"Algeria","2007-03-01","8.96","4"
"Algeria","2007-03-02","1.99","1"
"Algeria","2007-03-17","15.96","4"
"Algeria","2007-03-18","5.98","2"
"Algeria","2007-03-19","28.95","5"
"Algeria","2007-03-20","17.97","3"
"Algeria","2007-03-21","14.95","5"
"Algeria","2007-03-22","8.98","2"
"Algeria","2007-03-23","7.98","2"
"Algeria","2007-04-06","24.95","5"
"Algeria","2007-04-07","15.95","5"
"Algeria","2007-04-09","2.99","1"
"Algeria","2007-04-10","4.98","2"
"Algeria","2007-04-11","21.96","4"
"Algeria","2007-04-12","14.97","3"
"Algeria","2007-04-26","5.99","1"
"Algeria","2007-04-27","13.96","4"
"Algeria","2007-04-28","8.98","2"
"Algeria","2007-04-29","25.94","6"
"Algeria","2007-04-30","29.93","7"
"Algeria","2007-05-14","5.98","2"
"American Samoa","2007-03-02","0.99","1"
"American Samoa","2007-03-16","2.99","1"
"American Samoa","2007-03-21","0.99","1"
"American Samoa","2007-03-22","2.99","1"
"American Samoa","2007-04-05","0.99","1"
"American Samoa","2007-04-06","4.99","1"
"American Samoa","2007-04-07","2.99","1"
"American Samoa","2007-04-27","8.98","2"
"American Samoa","2007-04-28","15.96","4"
"American Samoa","2007-04-29","4.99","1"
"American Samoa","2007-04-30","0.99","1"
"Angola","2007-02-16","7.99","1"
"Angola","2007-02-17","7.98","2"
"Angola","2007-02-18","8.97","3"
"Angola","2007-02-19","7.99","1"
"Angola","2007-02-20","2.99","1"
"Angola","2007-03-01","8.97","3"
"Angola","2007-03-02","6.97","3"
"Angola","2007-03-17","2.99","1"
"Angola","2007-03-18","8.98","2"
"Angola","2007-03-20","15.97","3"
"Angola","2007-03-21","7.98","2"
"Angola","2007-03-22","1.99","1"
"Angola","2007-03-23","13.98","2"
"Angola","2007-04-06","5.98","2"
"Angola","2007-04-07","9.99","1"
"Angola","2007-04-08","11.98","2"
"Angola","2007-04-09","3.99","1"
"Angola","2007-04-11","5.98","2"
"Angola","2007-04-12","5.98","2"
"Angola","2007-04-27","11.98","2"
"Angola","2007-04-28","4.99","1"
"Angola","2007-04-29","7.97","3"
"Angola","2007-04-30","14.96","4"
"Anguilla","2007-02-15","3.99","1"
"Anguilla","2007-02-17","1.99","1"
"Anguilla","2007-02-18","7.98","2"
"Anguilla","2007-02-21","2.99","1"
"Anguilla","2007-03-01","1.98","2"
"Anguilla","2007-03-16","2.99","1"
"Anguilla","2007-03-17","2.99","1"
"Anguilla","2007-03-18","7.98","2"
"Anguilla","2007-03-19","9.98","2"
"Anguilla","2007-03-20","3.98","2"
"Anguilla","2007-03-21","4.99","1"
"Anguilla","2007-03-22","4.99","1"
"Anguilla","2007-03-23","4.99","1"
"Anguilla","2007-04-06","3.98","2"
"Anguilla","2007-04-08","0.99","1"
"Anguilla","2007-04-10","0.99","1"
"Anguilla","2007-04-11","7.98","2"
"Anguilla","2007-04-12","2.99","1"
"Anguilla","2007-04-27","5.98","2"
"Anguilla","2007-04-29","0.99","1"
"Anguilla","2007-04-30","13.96","4"
"Argentina","2007-02-15","53.88","12"
"Argentina","2007-02-16","6.97","3"
"Argentina","2007-02-17","22.94","6"
"Argentina","2007-02-18","11.96","4"
"Argentina","2007-02-19","36.92","8"
"Argentina","2007-02-20","21.94","6"
"Argentina","2007-02-21","10.98","2"
"Argentina","2007-03-01","49.88","12"
"Argentina","2007-03-02","74.86","14"
"Argentina","2007-03-16","2.99","1"
"Argentina","2007-03-17","28.93","7"
"Argentina","2007-03-18","37.90","10"
"Argentina","2007-03-19","26.91","9"
"Argentina","2007-03-20","53.86","14"
"Argentina","2007-03-21","77.81","19"
"Argentina","2007-03-22","56.85","15"
"Argentina","2007-03-23","45.91","9"
"Argentina","2007-04-05","5.98","2"
"Argentina","2007-04-06","59.89","11"
"Argentina","2007-04-07","53.86","14"
"Argentina","2007-04-08","41.93","7"
"Argentina","2007-04-09","54.84","16"
"Argentina","2007-04-10","29.92","8"
"Argentina","2007-04-11","37.90","10"
"Argentina","2007-04-12","39.89","11"
"Argentina","2007-04-26","9.98","2"
"Argentina","2007-04-27","71.81","19"
"Argentina","2007-04-28","52.87","13"
"Argentina","2007-04-29","50.87","13"
"Argentina","2007-04-30","140.66","34"
"Argentina","2007-05-14","26.91","9"
"Armenia","2007-02-19","4.99","1"
"Armenia","2007-02-21","7.99","1"
"Armenia","2007-03-01","10.98","2"
"Armenia","2007-03-17","6.98","2"
"Armenia","2007-03-18","0.99","1"
"Armenia","2007-03-21","7.99","1"
"Armenia","2007-03-23","4.99","1"
"Armenia","2007-04-06","2.99","1"
"Armenia","2007-04-07","9.99","1"
"Armenia","2007-04-08","7.98","2"
"Armenia","2007-04-26","4.99","1"
"Armenia","2007-04-27","6.98","2"
"Armenia","2007-04-28","17.96","4"
"Armenia","2007-04-29","2.99","1"
"Armenia","2007-04-30","16.97","3"
"Armenia","2007-05-14","2.99","1"
"Austria","2007-02-14","2.99","1"
"Austria","2007-02-15","5.99","1"
"Austria","2007-02-16","0.99","1"
"Austria","2007-02-17","4.99","1"
"Austria","2007-02-18","4.99","1"
"Austria","2007-02-19","3.98","2"
"Austria","2007-02-20","9.98","2"
"Austria","2007-02-21","5.98","2"
"Austria","2007-03-01","10.98","2"
"Austria","2007-03-02","21.96","4"
"Austria","2007-03-17","4.97","3"
"Austria","2007-03-18","29.94","6"
"Austria","2007-03-19","10.98","2"
"Austria","2007-03-20","9.97","3"
"Austria","2007-03-21","14.97","3"
"Austria","2007-03-22","9.96","4"
"Austria","2007-03-23","12.97","3"
"Austria","2007-04-06","7.97","3"
"Austria","2007-04-07","4.99","1"
"Austria","2007-04-08","7.99","1"
"Austria","2007-04-09","16.96","4"
"Austria","2007-04-10","12.96","4"
"Austria","2007-04-11","4.99","1"
"Austria","2007-04-12","4.99","1"
"Austria","2007-04-27","0.99","1"
"Austria","2007-04-28","2.99","1"
"Austria","2007-04-29","20.95","5"
"Austria","2007-04-30","31.93","7"
"Azerbaijan","2007-03-01","14.96","4"
"Azerbaijan","2007-03-02","7.99","1"
"Azerbaijan","2007-03-18","12.97","3"
"Azerbaijan","2007-03-19","4.99","1"
"Azerbaijan","2007-03-20","16.96","4"
"Azerbaijan","2007-03-21","3.98","2"
"Azerbaijan","2007-03-22","15.97","3"
"Azerbaijan","2007-03-23","9.97","3"
"Azerbaijan","2007-04-06","4.99","1"
"Azerbaijan","2007-04-08","6.99","1"
"Azerbaijan","2007-04-09","6.97","3"
"Azerbaijan","2007-04-10","17.96","4"
"Azerbaijan","2007-04-11","0.99","1"
"Azerbaijan","2007-04-12","10.98","2"
"Azerbaijan","2007-04-26","8.97","3"
"Azerbaijan","2007-04-27","7.98","2"
"Azerbaijan","2007-04-29","4.99","1"
"Azerbaijan","2007-04-30","38.93","7"
"Azerbaijan","2007-05-14","0.99","1"
"Bahrain","2007-02-15","7.99","1"
"Bahrain","2007-02-18","2.99","1"
"Bahrain","2007-02-19","2.99","1"
"Bahrain","2007-02-20","16.98","2"
"Bahrain","2007-03-01","4.99","1"
"Bahrain","2007-03-17","9.98","2"
"Bahrain","2007-03-22","2.99","1"
"Bahrain","2007-04-08","12.97","3"
"Bahrain","2007-04-09","0.99","1"
"Bahrain","2007-04-10","7.98","2"
"Bahrain","2007-04-11","4.99","1"
"Bahrain","2007-04-12","4.99","1"
"Bahrain","2007-04-27","4.99","1"
"Bahrain","2007-04-28","8.98","2"
"Bahrain","2007-04-29","4.99","1"
"Bahrain","2007-04-30","5.98","2"
"Bahrain","2007-05-14","2.99","1"
"Bangladesh","2007-02-18","15.97","3"
"Bangladesh","2007-02-19","4.99","1"
"Bangladesh","2007-02-20","10.99","1"
"Bangladesh","2007-03-01","16.94","6"
"Bangladesh","2007-03-02","13.96","4"
"Bangladesh","2007-03-16","2.99","1"
"Bangladesh","2007-03-17","4.97","3"
"Bangladesh","2007-03-18","23.96","4"
"Bangladesh","2007-03-19","21.96","4"
"Bangladesh","2007-03-20","35.95","5"
"Bangladesh","2007-03-21","10.97","3"
"Bangladesh","2007-03-22","22.94","6"
"Bangladesh","2007-04-06","2.99","1"
"Bangladesh","2007-04-07","25.95","5"
"Bangladesh","2007-04-08","2.99","1"
"Bangladesh","2007-04-09","14.94","6"
"Bangladesh","2007-04-10","6.98","2"
"Bangladesh","2007-04-26","1.99","1"
"Bangladesh","2007-04-27","24.96","4"
"Bangladesh","2007-04-28","36.94","6"
"Bangladesh","2007-04-29","9.98","2"
"Bangladesh","2007-04-30","35.89","11"
"Bangladesh","2007-05-14","2.99","1"
"Belarus","2007-02-15","2.99","1"
"Belarus","2007-02-16","5.99","1"
"Belarus","2007-02-17","0.99","1"
"Belarus","2007-02-18","1.98","2"
"Belarus","2007-02-19","7.98","2"
"Belarus","2007-02-20","7.98","2"
"Belarus","2007-02-21","2.99","1"
"Belarus","2007-03-01","16.95","5"
"Belarus","2007-03-02","23.95","5"
"Belarus","2007-03-16","7.99","1"
"Belarus","2007-03-17","16.96","4"
"Belarus","2007-03-18","9.98","2"
"Belarus","2007-03-19","10.98","2"
"Belarus","2007-03-20","2.99","1"
"Belarus","2007-03-21","9.98","2"
"Belarus","2007-03-22","4.98","2"
"Belarus","2007-03-23","11.98","2"
"Belarus","2007-04-08","11.97","3"
"Belarus","2007-04-09","18.96","4"
"Belarus","2007-04-10","11.98","2"
"Belarus","2007-04-11","7.98","2"
"Belarus","2007-04-12","17.98","2"
"Belarus","2007-04-26","1.99","1"
"Belarus","2007-04-27","17.97","3"
"Belarus","2007-04-28","4.98","2"
"Belarus","2007-04-29","6.98","2"
"Belarus","2007-04-30","19.94","6"
"Belarus","2007-05-14","2.99","1"
"Bolivia","2007-02-15","1.99","1"
"Bolivia","2007-02-16","4.98","2"
"Bolivia","2007-02-17","7.98","2"
"Bolivia","2007-02-18","9.97","3"
"Bolivia","2007-02-19","2.99","1"
"Bolivia","2007-02-21","15.98","2"
"Bolivia","2007-03-01","6.97","3"
"Bolivia","2007-03-02","6.99","1"
"Bolivia","2007-03-16","2.99","1"
"Bolivia","2007-03-17","7.98","2"
"Bolivia","2007-03-18","11.98","2"
"Bolivia","2007-03-19","4.98","2"
"Bolivia","2007-03-20","9.98","2"
"Bolivia","2007-03-21","7.98","2"
"Bolivia","2007-03-23","7.97","3"
"Bolivia","2007-04-07","6.98","2"
"Bolivia","2007-04-08","15.96","4"
"Bolivia","2007-04-09","6.99","1"
"Bolivia","2007-04-12","4.99","1"
"Bolivia","2007-04-27","9.98","2"
"Bolivia","2007-04-28","10.98","2"
"Bolivia","2007-04-29","7.98","2"
"Bolivia","2007-05-14","2.99","1"
"Brazil","2007-02-15","57.85","15"
"Brazil","2007-02-16","42.88","12"
"Brazil","2007-02-17","55.84","16"
"Brazil","2007-02-18","69.82","18"
"Brazil","2007-02-19","52.88","12"
"Brazil","2007-02-20","57.88","12"
"Brazil","2007-02-21","46.89","11"
"Brazil","2007-03-01","115.70","30"
"Brazil","2007-03-02","83.78","22"
"Brazil","2007-03-16","5.98","2"
"Brazil","2007-03-17","95.79","21"
"Brazil","2007-03-18","144.67","33"
"Brazil","2007-03-19","155.63","37"
"Brazil","2007-03-20","118.75","25"
"Brazil","2007-03-21","178.61","39"
"Brazil","2007-03-22","118.74","26"
"Brazil","2007-03-23","88.78","22"
"Brazil","2007-04-05","18.96","4"
"Brazil","2007-04-06","96.80","20"
"Brazil","2007-04-07","74.82","18"
"Brazil","2007-04-08","96.79","21"
"Brazil","2007-04-09","84.79","21"
"Brazil","2007-04-10","128.68","32"
"Brazil","2007-04-11","125.73","27"
"Brazil","2007-04-12","92.79","21"
"Brazil","2007-04-26","34.93","7"
"Brazil","2007-04-27","121.71","29"
"Brazil","2007-04-28","109.72","28"
"Brazil","2007-04-29","173.67","33"
"Brazil","2007-04-30","246.40","60"
"Brazil","2007-05-14","22.93","7"
"Brunei","2007-02-15","4.99","1"
"Brunei","2007-02-18","3.99","1"
"Brunei","2007-02-20","0.99","1"
"Brunei","2007-02-21","2.99","1"
"Brunei","2007-03-02","0.99","1"
"Brunei","2007-03-19","10.97","3"
"Brunei","2007-03-21","0.99","1"
"Brunei","2007-03-22","9.97","3"
"Brunei","2007-03-23","6.98","2"
"Brunei","2007-04-06","0.99","1"
"Brunei","2007-04-07","12.97","3"
"Brunei","2007-04-08","4.99","1"
"Brunei","2007-04-09","6.98","2"
"Brunei","2007-04-10","0.99","1"
"Brunei","2007-04-11","7.98","2"
"Brunei","2007-04-12","2.99","1"
"Brunei","2007-04-27","1.98","2"
"Brunei","2007-04-28","4.99","1"
"Brunei","2007-04-29","1.98","2"
"Brunei","2007-04-30","12.97","3"
"Brunei","2007-05-14","4.99","1"
"Bulgaria","2007-02-15","12.97","3"
"Bulgaria","2007-02-16","9.98","2"
"Bulgaria","2007-02-17","2.99","1"
"Bulgaria","2007-02-19","2.99","1"
"Bulgaria","2007-02-20","9.97","3"
"Bulgaria","2007-02-21","3.99","1"
"Bulgaria","2007-03-02","24.96","4"
"Bulgaria","2007-03-17","11.98","2"
"Bulgaria","2007-03-18","16.96","4"
"Bulgaria","2007-03-19","0.99","1"
"Bulgaria","2007-03-21","5.98","2"
"Bulgaria","2007-03-22","3.98","2"
"Bulgaria","2007-03-23","13.95","5"
"Bulgaria","2007-04-08","18.97","3"
"Bulgaria","2007-04-10","11.98","2"
"Bulgaria","2007-04-11","13.97","3"
"Bulgaria","2007-04-12","7.98","2"
"Bulgaria","2007-04-27","1.99","1"
"Bulgaria","2007-04-30","16.95","5"
"Bulgaria","2007-05-14","0.99","1"
"Cambodia","2007-02-14","4.99","1"
"Cambodia","2007-02-15","1.99","1"
"Cambodia","2007-02-16","10.99","1"
"Cambodia","2007-02-17","0.99","1"
"Cambodia","2007-02-18","3.99","1"
"Cambodia","2007-02-19","2.99","1"
"Cambodia","2007-02-20","3.98","2"
"Cambodia","2007-02-21","6.98","2"
"Cambodia","2007-03-01","4.99","1"
"Cambodia","2007-03-17","2.98","2"
"Cambodia","2007-03-18","2.98","2"
"Cambodia","2007-03-19","16.97","3"
"Cambodia","2007-03-22","0.99","1"
"Cambodia","2007-03-23","1.98","2"
"Cambodia","2007-04-06","17.96","4"
"Cambodia","2007-04-07","3.99","1"
"Cambodia","2007-04-08","5.98","2"
"Cambodia","2007-04-09","7.98","2"
"Cambodia","2007-04-10","4.98","2"
"Cambodia","2007-04-11","1.99","1"
"Cambodia","2007-04-12","13.98","2"
"Cambodia","2007-04-26","2.99","1"
"Cambodia","2007-04-27","14.97","3"
"Cambodia","2007-04-28","7.98","2"
"Cambodia","2007-04-29","13.97","3"
"Cambodia","2007-04-30","4.99","1"
"Cambodia","2007-05-14","9.96","4"
"Cameroon","2007-02-15","0.99","1"
"Cameroon","2007-02-16","14.97","3"
"Cameroon","2007-02-18","4.99","1"
"Cameroon","2007-02-19","4.98","2"
"Cameroon","2007-02-21","7.98","2"
"Cameroon","2007-03-01","0.99","1"
"Cameroon","2007-03-02","15.96","4"
"Cameroon","2007-03-17","17.96","4"
"Cameroon","2007-03-18","17.96","4"
"Cameroon","2007-03-19","0.99","1"
"Cameroon","2007-03-20","0.99","1"
"Cameroon","2007-03-21","5.98","2"
"Cameroon","2007-03-22","0.99","1"
"Cameroon","2007-03-23","9.98","2"
"Cameroon","2007-04-07","4.99","1"
"Cameroon","2007-04-09","2.99","1"
"Cameroon","2007-04-11","6.98","2"
"Cameroon","2007-04-12","7.97","3"
"Cameroon","2007-04-27","25.95","5"
"Cameroon","2007-04-28","16.96","4"
"Cameroon","2007-04-30","7.97","3"
"Cameroon","2007-05-14","6.97","3"
"Canada","2007-02-15","6.97","3"
"Canada","2007-02-16","4.98","2"
"Canada","2007-02-17","3.98","2"
"Canada","2007-02-18","30.95","5"
"Canada","2007-02-20","12.96","4"
"Canada","2007-02-21","15.96","4"
"Canada","2007-03-01","44.92","8"
"Canada","2007-03-02","29.94","6"
"Canada","2007-03-17","28.95","5"
"Canada","2007-03-18","25.95","5"
"Canada","2007-03-19","34.95","5"
"Canada","2007-03-20","39.91","9"
"Canada","2007-03-21","17.95","5"
"Canada","2007-03-22","18.95","5"
"Canada","2007-03-23","17.96","4"
"Canada","2007-04-05","7.99","1"
"Canada","2007-04-06","16.95","5"
"Canada","2007-04-07","7.96","4"
"Canada","2007-04-08","8.97","3"
"Canada","2007-04-09","24.93","7"
"Canada","2007-04-10","5.98","2"
"Canada","2007-04-11","20.95","5"
"Canada","2007-04-26","6.99","1"
"Canada","2007-04-27","28.92","8"
"Canada","2007-04-28","24.95","5"
"Canada","2007-04-29","7.97","3"
"Canada","2007-04-30","57.88","12"
"Canada","2007-05-14","3.98","2"
"Chad","2007-02-16","4.99","1"
"Chad","2007-02-21","4.99","1"
"Chad","2007-03-01","9.98","2"
"Chad","2007-03-17","19.97","3"
"Chad","2007-03-18","8.96","4"
"Chad","2007-03-20","5.98","2"
"Chad","2007-03-21","4.99","1"
"Chad","2007-03-22","12.98","2"
"Chad","2007-03-23","0.99","1"
"Chad","2007-04-07","4.99","1"
"Chad","2007-04-08","16.97","3"
"Chad","2007-04-10","9.98","2"
"Chad","2007-04-12","2.99","1"
"Chad","2007-04-29","7.98","2"
"Chad","2007-04-30","5.98","2"
"Chile","2007-02-15","15.97","3"
"Chile","2007-02-16","4.99","1"
"Chile","2007-02-17","7.98","2"
"Chile","2007-02-18","5.98","2"
"Chile","2007-02-19","4.99","1"
"Chile","2007-02-20","6.98","2"
"Chile","2007-02-21","4.98","2"
"Chile","2007-03-01","10.97","3"
"Chile","2007-03-02","26.94","6"
"Chile","2007-03-17","18.96","4"
"Chile","2007-03-18","11.98","2"
"Chile","2007-03-19","14.97","3"
"Chile","2007-03-20","16.97","3"
"Chile","2007-03-21","11.97","3"
"Chile","2007-03-22","11.98","2"
"Chile","2007-03-23","24.96","4"
"Chile","2007-04-06","5.98","2"
"Chile","2007-04-07","12.98","2"
"Chile","2007-04-08","0.99","1"
"Chile","2007-04-09","22.96","4"
"Chile","2007-04-10","17.94","6"
"Chile","2007-04-12","3.99","1"
"Chile","2007-04-26","9.99","1"
"Chile","2007-04-27","6.98","2"
"Chile","2007-04-28","3.99","1"
"Chile","2007-04-29","4.99","1"
"Chile","2007-04-30","10.98","2"
"China","2007-02-14","7.97","3"
"China","2007-02-15","102.75","25"
"China","2007-02-16","111.74","26"
"China","2007-02-17","115.69","31"
"China","2007-02-18","74.83","17"
"China","2007-02-19","130.72","28"
"China","2007-02-20","116.71","29"
"China","2007-02-21","82.82","18"
"China","2007-03-01","238.42","58"
"China","2007-03-02","223.50","50"
"China","2007-03-16","23.94","6"
"China","2007-03-17","253.41","59"
"China","2007-03-18","181.54","46"
"China","2007-03-19","191.54","46"
"China","2007-03-20","243.38","62"
"China","2007-03-21","274.30","70"
"China","2007-03-22","237.39","61"
"China","2007-03-23","194.52","48"
"China","2007-04-05","34.92","8"
"China","2007-04-06","175.56","44"
"China","2007-04-07","191.54","46"
"China","2007-04-08","117.63","37"
"China","2007-04-09","175.52","48"
"China","2007-04-10","179.53","47"
"China","2007-04-11","132.61","39"
"China","2007-04-12","165.65","35"
"China","2007-04-26","11.96","4"
"China","2007-04-27","202.44","56"
"China","2007-04-28","162.55","45"
"China","2007-04-29","216.44","56"
"China","2007-04-30","638.64","136"
"China","2007-05-14","40.87","13"
"Colombia","2007-02-15","9.97","3"
"Colombia","2007-02-16","14.96","4"
"Colombia","2007-02-17","10.97","3"
"Colombia","2007-02-18","7.98","2"
"Colombia","2007-02-19","15.97","3"
"Colombia","2007-02-20","12.98","2"
"Colombia","2007-03-01","34.95","5"
"Colombia","2007-03-02","23.95","5"
"Colombia","2007-03-16","2.99","1"
"Colombia","2007-03-17","8.98","2"
"Colombia","2007-03-18","37.93","7"
"Colombia","2007-03-19","30.91","9"
"Colombia","2007-03-20","29.93","7"
"Colombia","2007-03-21","38.93","7"
"Colombia","2007-03-22","32.92","8"
"Colombia","2007-03-23","10.97","3"
"Colombia","2007-04-05","4.99","1"
"Colombia","2007-04-06","30.94","6"
"Colombia","2007-04-07","15.96","4"
"Colombia","2007-04-08","38.94","6"
"Colombia","2007-04-09","23.94","6"
"Colombia","2007-04-10","23.94","6"
"Colombia","2007-04-11","15.96","4"
"Colombia","2007-04-12","33.93","7"
"Colombia","2007-04-26","4.99","1"
"Colombia","2007-04-27","12.97","3"
"Colombia","2007-04-28","13.96","4"
"Colombia","2007-04-29","38.91","9"
"Colombia","2007-04-30","61.85","15"
"Colombia","2007-05-14","14.97","3"
"Congo, The Democratic Republic of the","2007-02-15","10.96","4"
"Congo, The Democratic Republic of the","2007-02-17","1.98","2"
"Congo, The Democratic Republic of the","2007-02-18","4.99","1"
"Congo, The Democratic Republic of the","2007-02-20","5.99","1"
"Congo, The Democratic Republic of the","2007-02-21","4.99","1"
"Congo, The Democratic Republic of the","2007-03-01","20.93","7"
"Congo, The Democratic Republic of the","2007-03-02","12.98","2"
"Congo, The Democratic Republic of the","2007-03-17","17.97","3"
"Congo, The Democratic Republic of the","2007-03-18","0.99","1"
"Congo, The Democratic Republic of the","2007-03-19","15.97","3"
"Congo, The Democratic Republic of the","2007-03-20","10.97","3"
"Congo, The Democratic Republic of the","2007-03-21","5.99","1"
"Congo, The Democratic Republic of the","2007-03-22","3.98","2"
"Congo, The Democratic Republic of the","2007-03-23","4.99","1"
"Congo, The Democratic Republic of the","2007-04-06","6.99","1"
"Congo, The Democratic Republic of the","2007-04-07","4.99","1"
"Congo, The Democratic Republic of the","2007-04-09","2.99","1"
"Congo, The Democratic Republic of the","2007-04-11","11.98","2"
"Congo, The Democratic Republic of the","2007-04-12","5.99","1"
"Congo, The Democratic Republic of the","2007-04-27","0.99","1"
"Congo, The Democratic Republic of the","2007-04-28","7.98","2"
"Congo, The Democratic Republic of the","2007-04-29","2.99","1"
"Czech Republic","2007-02-17","7.99","1"
"Czech Republic","2007-02-19","7.98","2"
"Czech Republic","2007-03-01","3.99","1"
"Czech Republic","2007-03-02","3.99","1"
"Czech Republic","2007-03-18","6.98","2"
"Czech Republic","2007-03-20","8.99","1"
"Czech Republic","2007-03-21","18.97","3"
"Czech Republic","2007-03-22","2.99","1"
"Czech Republic","2007-04-06","2.99","1"
"Czech Republic","2007-04-08","3.98","2"
"Czech Republic","2007-04-09","12.98","2"
"Czech Republic","2007-04-10","9.99","1"
"Czech Republic","2007-04-11","9.98","2"
"Czech Republic","2007-04-12","12.98","2"
"Czech Republic","2007-04-27","1.99","1"
"Czech Republic","2007-04-28","2.99","1"
"Czech Republic","2007-04-29","9.97","3"
"Czech Republic","2007-04-30","2.99","1"
"Dominican Republic","2007-02-16","2.99","1"
"Dominican Republic","2007-02-18","5.99","1"
"Dominican Republic","2007-02-19","6.97","3"
"Dominican Republic","2007-02-20","14.97","3"
"Dominican Republic","2007-02-21","2.99","1"
"Dominican Republic","2007-03-01","28.92","8"
"Dominican Republic","2007-03-02","15.95","5"
"Dominican Republic","2007-03-17","8.97","3"
"Dominican Republic","2007-03-18","18.97","3"
"Dominican Republic","2007-03-19","5.98","2"
"Dominican Republic","2007-03-20","26.93","7"
"Dominican Republic","2007-03-21","0.99","1"
"Dominican Republic","2007-03-22","21.95","5"
"Dominican Republic","2007-03-23","5.99","1"
"Dominican Republic","2007-04-06","5.98","2"
"Dominican Republic","2007-04-07","2.99","1"
"Dominican Republic","2007-04-08","23.94","6"
"Dominican Republic","2007-04-09","12.97","3"
"Dominican Republic","2007-04-10","20.96","4"
"Dominican Republic","2007-04-11","9.98","2"
"Dominican Republic","2007-04-26","4.99","1"
"Dominican Republic","2007-04-28","5.98","2"
"Dominican Republic","2007-04-29","22.96","4"
"Dominican Republic","2007-04-30","24.95","5"
"Ecuador","2007-02-15","4.99","1"
"Ecuador","2007-02-16","10.97","3"
"Ecuador","2007-02-19","33.96","4"
"Ecuador","2007-02-20","4.98","2"
"Ecuador","2007-03-01","10.95","5"
"Ecuador","2007-03-02","3.99","1"
"Ecuador","2007-03-17","10.98","2"
"Ecuador","2007-03-18","7.99","1"
"Ecuador","2007-03-19","16.96","4"
"Ecuador","2007-03-20","12.98","2"
"Ecuador","2007-03-21","23.94","6"
"Ecuador","2007-03-22","38.93","7"
"Ecuador","2007-03-23","20.95","5"
"Ecuador","2007-04-05","2.98","2"
"Ecuador","2007-04-06","7.97","3"
"Ecuador","2007-04-07","9.98","2"
"Ecuador","2007-04-08","11.97","3"
"Ecuador","2007-04-09","8.97","3"
"Ecuador","2007-04-10","0.99","1"
"Ecuador","2007-04-11","9.97","3"
"Ecuador","2007-04-12","26.96","4"
"Ecuador","2007-04-26","4.99","1"
"Ecuador","2007-04-27","17.96","4"
"Ecuador","2007-04-28","12.97","3"
"Ecuador","2007-04-29","9.97","3"
"Ecuador","2007-04-30","40.93","7"
"Egypt","2007-02-14","7.99","1"
"Egypt","2007-02-15","11.97","3"
"Egypt","2007-02-16","11.97","3"
"Egypt","2007-02-17","11.96","4"
"Egypt","2007-02-18","20.95","5"
"Egypt","2007-02-19","19.96","4"
"Egypt","2007-02-20","18.97","3"
"Egypt","2007-02-21","17.96","4"
"Egypt","2007-03-01","40.91","9"
"Egypt","2007-03-02","33.92","8"
"Egypt","2007-03-16","10.98","2"
"Egypt","2007-03-17","5.98","2"
"Egypt","2007-03-18","25.95","5"
"Egypt","2007-03-19","26.94","6"
"Egypt","2007-03-20","13.97","3"
"Egypt","2007-03-21","38.90","10"
"Egypt","2007-03-22","29.93","7"
"Egypt","2007-03-23","28.92","8"
"Egypt","2007-04-06","14.97","3"
"Egypt","2007-04-07","26.94","6"
"Egypt","2007-04-08","16.97","3"
"Egypt","2007-04-09","26.94","6"
"Egypt","2007-04-10","7.98","2"
"Egypt","2007-04-11","24.94","6"
"Egypt","2007-04-12","8.96","4"
"Egypt","2007-04-27","54.89","11"
"Egypt","2007-04-28","46.92","8"
"Egypt","2007-04-29","28.93","7"
"Egypt","2007-04-30","22.91","9"
"Estonia","2007-02-15","6.97","3"
"Estonia","2007-02-19","4.99","1"
"Estonia","2007-02-21","13.98","2"
"Estonia","2007-03-01","9.98","2"
"Estonia","2007-03-02","7.98","2"
"Estonia","2007-03-17","11.98","2"
"Estonia","2007-03-18","2.99","1"
"Estonia","2007-03-19","3.98","2"
"Estonia","2007-03-20","3.98","2"
"Estonia","2007-03-22","4.99","1"
"Estonia","2007-03-23","5.98","2"
"Estonia","2007-04-05","4.99","1"
"Estonia","2007-04-06","0.99","1"
"Estonia","2007-04-08","6.99","1"
"Estonia","2007-04-10","5.98","2"
"Estonia","2007-04-11","2.99","1"
"Estonia","2007-04-28","3.99","1"
"Estonia","2007-04-30","1.99","1"
"Ethiopia","2007-02-15","6.99","1"
"Ethiopia","2007-02-16","2.99","1"
"Ethiopia","2007-02-18","2.99","1"
"Ethiopia","2007-02-20","4.99","1"
"Ethiopia","2007-03-01","4.99","1"
"Ethiopia","2007-03-02","0.99","1"
"Ethiopia","2007-03-17","9.98","2"
"Ethiopia","2007-03-18","7.98","2"
"Ethiopia","2007-03-20","12.98","2"
"Ethiopia","2007-03-21","12.97","3"
"Ethiopia","2007-04-06","2.99","1"
"Ethiopia","2007-04-11","3.98","2"
"Ethiopia","2007-04-28","5.97","3"
"Ethiopia","2007-04-29","9.99","1"
"Ethiopia","2007-04-30","0.99","1"
"Faroe Islands","2007-03-01","2.99","1"
"Faroe Islands","2007-03-17","10.98","2"
"Faroe Islands","2007-03-18","2.99","1"
"Faroe Islands","2007-03-19","4.99","1"
"Faroe Islands","2007-03-20","5.99","1"
"Faroe Islands","2007-03-21","8.97","3"
"Faroe Islands","2007-03-22","7.98","2"
"Faroe Islands","2007-04-07","9.98","2"
"Faroe Islands","2007-04-08","0.99","1"
"Faroe Islands","2007-04-10","8.98","2"
"Faroe Islands","2007-04-27","2.99","1"
"Faroe Islands","2007-04-28","2.99","1"
"Faroe Islands","2007-04-29","7.98","2"
"Faroe Islands","2007-04-30","16.97","3"
"Faroe Islands","2007-05-14","0.99","1"
"Finland","2007-03-01","6.99","1"
"Finland","2007-03-02","7.98","2"
"Finland","2007-03-17","0.99","1"
"Finland","2007-03-18","8.99","1"
"Finland","2007-03-19","5.98","2"
"Finland","2007-03-21","0.99","1"
"Finland","2007-03-22","8.98","2"
"Finland","2007-03-23","4.99","1"
"Finland","2007-04-05","0.99","1"
"Finland","2007-04-06","2.99","1"
"Finland","2007-04-07","2.99","1"
"Finland","2007-04-08","3.99","1"
"Finland","2007-04-09","5.98","2"
"Finland","2007-04-12","0.99","1"
"Finland","2007-04-28","8.98","2"
"Finland","2007-04-29","5.99","1"
"France","2007-02-14","4.99","1"
"France","2007-02-15","8.98","2"
"France","2007-02-16","0.99","1"
"France","2007-02-17","3.98","2"
"France","2007-02-18","11.96","4"
"France","2007-02-19","7.98","2"
"France","2007-02-20","10.95","5"
"France","2007-02-21","2.99","1"
"France","2007-03-02","11.96","4"
"France","2007-03-16","4.99","1"
"France","2007-03-17","13.96","4"
"France","2007-03-18","3.99","1"
"France","2007-03-19","16.95","5"
"France","2007-03-20","3.98","2"
"France","2007-03-21","13.96","4"
"France","2007-03-22","10.97","3"
"France","2007-04-06","24.95","5"
"France","2007-04-07","14.97","3"
"France","2007-04-08","23.94","6"
"France","2007-04-09","10.96","4"
"France","2007-04-10","6.98","2"
"France","2007-04-11","17.96","4"
"France","2007-04-12","9.98","2"
"France","2007-04-27","8.97","3"
"France","2007-04-29","26.95","5"
"France","2007-04-30","53.89","11"
"France","2007-05-14","0.99","1"
"French Guiana","2007-02-17","7.99","1"
"French Guiana","2007-02-20","4.99","1"
"French Guiana","2007-03-02","19.97","3"
"French Guiana","2007-03-17","10.98","2"
"French Guiana","2007-03-18","6.99","1"
"French Guiana","2007-03-20","0.99","1"
"French Guiana","2007-03-21","7.98","2"
"French Guiana","2007-04-06","4.99","1"
"French Guiana","2007-04-07","4.99","1"
"French Guiana","2007-04-08","3.99","1"
"French Guiana","2007-04-10","3.99","1"
"French Guiana","2007-04-12","0.99","1"
"French Guiana","2007-04-28","6.99","1"
"French Guiana","2007-04-29","7.98","2"
"French Guiana","2007-04-30","3.99","1"
"French Polynesia","2007-02-15","4.99","1"
"French Polynesia","2007-02-16","6.99","1"
"French Polynesia","2007-02-17","0.99","1"
"French Polynesia","2007-02-18","4.99","1"
"French Polynesia","2007-02-20","0.99","1"
"French Polynesia","2007-03-01","7.98","2"
"French Polynesia","2007-03-02","10.98","2"
"French Polynesia","2007-03-17","9.98","2"
"French Polynesia","2007-03-18","6.98","2"
"French Polynesia","2007-03-20","14.98","2"
"French Polynesia","2007-03-21","12.96","4"
"French Polynesia","2007-03-22","9.98","2"
"French Polynesia","2007-03-23","17.97","3"
"French Polynesia","2007-04-06","12.97","3"
"French Polynesia","2007-04-07","3.99","1"
"French Polynesia","2007-04-08","7.98","2"
"French Polynesia","2007-04-09","14.97","3"
"French Polynesia","2007-04-10","7.98","2"
"French Polynesia","2007-04-12","4.98","2"
"French Polynesia","2007-04-27","7.98","2"
"French Polynesia","2007-04-28","13.97","3"
"French Polynesia","2007-04-29","5.98","2"
"French Polynesia","2007-04-30","4.99","1"
"French Polynesia","2007-05-14","8.97","3"
"Gambia","2007-02-15","3.99","1"
"Gambia","2007-02-21","6.99","1"
"Gambia","2007-03-02","10.97","3"
"Gambia","2007-03-16","6.99","1"
"Gambia","2007-03-18","17.97","3"
"Gambia","2007-03-19","2.99","1"
"Gambia","2007-03-20","5.99","1"
"Gambia","2007-03-21","10.98","2"
"Gambia","2007-03-22","1.99","1"
"Gambia","2007-03-23","0.99","1"
"Gambia","2007-04-06","10.98","2"
"Gambia","2007-04-07","0.99","1"
"Gambia","2007-04-08","0.99","1"
"Gambia","2007-04-26","0.99","1"
"Gambia","2007-04-27","7.98","2"
"Gambia","2007-04-28","4.99","1"
"Gambia","2007-04-29","4.99","1"
"Gambia","2007-04-30","12.97","3"
"Germany","2007-02-14","5.99","1"
"Germany","2007-02-15","8.98","2"
"Germany","2007-02-16","11.97","3"
"Germany","2007-02-17","17.95","5"
"Germany","2007-02-18","13.98","2"
"Germany","2007-02-19","9.97","3"
"Germany","2007-02-20","24.94","6"
"Germany","2007-02-21","39.93","7"
"Germany","2007-03-01","18.96","4"
"Germany","2007-03-02","19.96","4"
"Germany","2007-03-16","4.99","1"
"Germany","2007-03-17","29.92","8"
"Germany","2007-03-18","17.94","6"
"Germany","2007-03-19","38.90","10"
"Germany","2007-03-20","30.94","6"
"Germany","2007-03-21","36.92","8"
"Germany","2007-03-22","23.95","5"
"Germany","2007-03-23","43.89","11"
"Germany","2007-04-05","9.98","2"
"Germany","2007-04-06","33.94","6"
"Germany","2007-04-07","28.91","9"
"Germany","2007-04-08","19.94","6"
"Germany","2007-04-09","21.94","6"
"Germany","2007-04-10","16.95","5"
"Germany","2007-04-11","17.96","4"
"Germany","2007-04-12","9.98","2"
"Germany","2007-04-26","4.99","1"
"Germany","2007-04-27","32.92","8"
"Germany","2007-04-28","14.95","5"
"Germany","2007-04-29","33.91","9"
"Germany","2007-04-30","79.84","16"
"Germany","2007-05-14","14.95","5"
"Greece","2007-02-16","17.97","3"
"Greece","2007-02-17","6.99","1"
"Greece","2007-02-19","4.98","2"
"Greece","2007-03-01","14.96","4"
"Greece","2007-03-02","4.99","1"
"Greece","2007-03-17","4.98","2"
"Greece","2007-03-18","9.98","2"
"Greece","2007-03-19","13.98","2"
"Greece","2007-03-20","11.97","3"
"Greece","2007-03-21","9.98","2"
"Greece","2007-03-22","1.98","2"
"Greece","2007-03-23","9.98","2"
"Greece","2007-04-07","4.99","1"
"Greece","2007-04-08","4.99","1"
"Greece","2007-04-10","3.99","1"
"Greece","2007-04-11","8.97","3"
"Greece","2007-04-12","4.99","1"
"Greece","2007-04-27","16.98","2"
"Greece","2007-04-28","24.96","4"
"Greece","2007-04-29","2.99","1"
"Greece","2007-04-30","17.95","5"
"Greece","2007-05-14","0.99","1"
"Greenland","2007-02-17","3.99","1"
"Greenland","2007-03-01","4.98","2"
"Greenland","2007-03-02","9.97","3"
"Greenland","2007-03-17","13.98","2"
"Greenland","2007-03-20","25.96","4"
"Greenland","2007-03-23","1.99","1"
"Greenland","2007-04-06","15.97","3"
"Greenland","2007-04-08","7.97","3"
"Greenland","2007-04-09","5.98","2"
"Greenland","2007-04-10","0.99","1"
"Greenland","2007-04-11","5.99","1"
"Greenland","2007-04-12","0.99","1"
"Greenland","2007-04-27","11.98","2"
"Greenland","2007-04-29","5.99","1"
"Greenland","2007-04-30","2.99","1"
"Holy See (Vatican City State)","2007-02-15","5.99","1"
"Holy See (Vatican City State)","2007-02-16","4.99","1"
"Holy See (Vatican City State)","2007-02-17","9.99","1"
"Holy See (Vatican City State)","2007-02-18","15.97","3"
"Holy See (Vatican City State)","2007-02-19","4.99","1"
"Holy See (Vatican City State)","2007-03-01","3.99","1"
"Holy See (Vatican City State)","2007-03-02","7.97","3"
"Holy See (Vatican City State)","2007-03-17","5.99","1"
"Holy See (Vatican City State)","2007-03-19","4.99","1"
"Holy See (Vatican City State)","2007-03-21","23.96","4"
"Holy See (Vatican City State)","2007-03-22","2.99","1"
"Holy See (Vatican City State)","2007-03-23","7.99","1"
"Holy See (Vatican City State)","2007-04-07","20.95","5"
"Holy See (Vatican City State)","2007-04-08","10.98","2"
"Holy See (Vatican City State)","2007-04-09","2.99","1"
"Holy See (Vatican City State)","2007-04-11","4.98","2"
"Holy See (Vatican City State)","2007-04-27","0.99","1"
"Holy See (Vatican City State)","2007-04-28","4.99","1"
"Holy See (Vatican City State)","2007-04-30","0.99","1"
"Hong Kong","2007-03-01","7.99","1"
"Hong Kong","2007-03-17","2.98","2"
"Hong Kong","2007-03-18","7.99","1"
"Hong Kong","2007-03-19","17.96","4"
"Hong Kong","2007-03-20","7.98","2"
"Hong Kong","2007-03-21","4.99","1"
"Hong Kong","2007-03-22","4.99","1"
"Hong Kong","2007-04-06","2.99","1"
"Hong Kong","2007-04-08","0.99","1"
"Hong Kong","2007-04-09","13.98","2"
"Hong Kong","2007-04-10","5.98","2"
"Hong Kong","2007-04-11","3.99","1"
"Hong Kong","2007-04-12","7.99","1"
"Hong Kong","2007-04-27","10.97","3"
"Hong Kong","2007-04-30","2.99","1"
"Hungary","2007-02-14","6.99","1"
"Hungary","2007-02-15","8.98","2"
"Hungary","2007-02-19","0.99","1"
"Hungary","2007-02-20","7.99","1"
"Hungary","2007-03-01","3.98","2"
"Hungary","2007-03-02","8.99","1"
"Hungary","2007-03-17","0.99","1"
"Hungary","2007-03-18","0.99","1"
"Hungary","2007-03-19","4.98","2"
"Hungary","2007-03-20","3.99","1"
"Hungary","2007-04-06","14.98","2"
"Hungary","2007-04-07","12.97","3"
"Hungary","2007-04-08","2.99","1"
"Hungary","2007-04-26","0.99","1"
"Hungary","2007-04-27","9.97","3"
"Hungary","2007-04-29","3.98","2"
"Hungary","2007-04-30","15.97","3"
"Hungary","2007-05-14","0.99","1"
"India","2007-02-14","14.97","3"
"India","2007-02-15","99.75","25"
"India","2007-02-16","132.70","30"
"India","2007-02-17","65.85","15"
"India","2007-02-18","131.70","30"
"India","2007-02-19","80.77","23"
"India","2007-02-20","83.73","27"
"India","2007-02-21","57.85","15"
"India","2007-03-01","296.39","61"
"India","2007-03-02","256.38","62"
"India","2007-03-16","18.93","7"
"India","2007-03-17","238.46","54"
"India","2007-03-18","341.28","72"
"India","2007-03-19","261.37","63"
"India","2007-03-20","292.39","61"
"India","2007-03-21","371.21","79"
"India","2007-03-22","236.41","59"
"India","2007-03-23","234.41","59"
"India","2007-04-05","35.93","7"
"India","2007-04-06","186.56","44"
"India","2007-04-07","200.53","47"
"India","2007-04-08","170.59","41"
"India","2007-04-09","152.60","40"
"India","2007-04-10","215.45","55"
"India","2007-04-11","194.50","50"
"India","2007-04-12","154.63","37"
"India","2007-04-26","47.90","10"
"India","2007-04-27","282.33","67"
"India","2007-04-28","247.36","64"
"India","2007-04-29","243.44","56"
"India","2007-04-30","625.64","136"
"India","2007-05-14","62.77","23"
"Indonesia","2007-02-14","4.99","1"
"Indonesia","2007-02-15","30.92","8"
"Indonesia","2007-02-16","25.92","8"
"Indonesia","2007-02-17","18.94","6"
"Indonesia","2007-02-18","24.93","7"
"Indonesia","2007-02-19","51.89","11"
"Indonesia","2007-02-20","42.93","7"
"Indonesia","2007-02-21","16.95","5"
"Indonesia","2007-03-01","30.90","10"
"Indonesia","2007-03-02","70.83","17"
"Indonesia","2007-03-16","4.99","1"
"Indonesia","2007-03-17","34.89","11"
"Indonesia","2007-03-18","29.87","13"
"Indonesia","2007-03-19","40.88","12"
"Indonesia","2007-03-20","97.79","21"
"Indonesia","2007-03-21","95.77","23"
"Indonesia","2007-03-22","75.83","17"
"Indonesia","2007-03-23","40.88","12"
"Indonesia","2007-04-06","36.89","11"
"Indonesia","2007-04-07","19.94","6"
"Indonesia","2007-04-08","57.89","11"
"Indonesia","2007-04-09","53.88","12"
"Indonesia","2007-04-10","34.90","10"
"Indonesia","2007-04-11","49.90","10"
"Indonesia","2007-04-12","57.89","11"
"Indonesia","2007-04-27","58.83","17"
"Indonesia","2007-04-28","81.82","18"
"Indonesia","2007-04-29","80.84","16"
"Indonesia","2007-04-30","73.83","17"
"Indonesia","2007-05-14","5.98","2"
"Iran","2007-02-14","0.99","1"
"Iran","2007-02-15","14.98","2"
"Iran","2007-02-16","4.99","1"
"Iran","2007-02-17","13.96","4"
"Iran","2007-02-18","14.96","4"
"Iran","2007-02-19","16.94","6"
"Iran","2007-02-20","15.93","7"
"Iran","2007-02-21","29.95","5"
"Iran","2007-03-01","74.86","14"
"Iran","2007-03-02","22.93","7"
"Iran","2007-03-16","2.99","1"
"Iran","2007-03-17","18.95","5"
"Iran","2007-03-18","46.90","10"
"Iran","2007-03-19","41.89","11"
"Iran","2007-03-20","43.91","9"
"Iran","2007-03-21","42.92","8"
"Iran","2007-03-22","29.93","7"
"Iran","2007-03-23","24.94","6"
"Iran","2007-04-05","3.98","2"
"Iran","2007-04-06","20.96","4"
"Iran","2007-04-07","30.90","10"
"Iran","2007-04-08","41.92","8"
"Iran","2007-04-09","29.93","7"
"Iran","2007-04-10","6.97","3"
"Iran","2007-04-11","18.93","7"
"Iran","2007-04-12","14.97","3"
"Iran","2007-04-26","2.99","1"
"Iran","2007-04-27","28.95","5"
"Iran","2007-04-28","78.82","18"
"Iran","2007-04-29","40.93","7"
"Iran","2007-04-30","89.80","20"
"Iran","2007-05-14","4.99","1"
"Iraq","2007-02-18","9.98","2"
"Iraq","2007-02-20","2.99","1"
"Iraq","2007-03-02","3.99","1"
"Iraq","2007-03-17","6.99","1"
"Iraq","2007-03-18","5.99","1"
"Iraq","2007-03-20","2.99","1"
"Iraq","2007-03-21","5.97","3"
"Iraq","2007-03-23","5.98","2"
"Iraq","2007-04-08","12.98","2"
"Iraq","2007-04-11","4.99","1"
"Iraq","2007-04-12","8.98","2"
"Iraq","2007-04-26","8.99","1"
"Iraq","2007-04-27","2.99","1"
"Iraq","2007-04-29","1.98","2"
"Iraq","2007-04-30","24.95","5"
"Iraq","2007-05-14","0.99","1"
"Israel","2007-02-15","2.99","1"
"Israel","2007-02-16","3.98","2"
"Israel","2007-02-18","20.97","3"
"Israel","2007-02-19","13.98","2"
"Israel","2007-02-20","3.99","1"
"Israel","2007-02-21","4.99","1"
"Israel","2007-03-01","18.95","5"
"Israel","2007-03-02","11.96","4"
"Israel","2007-03-17","8.97","3"
"Israel","2007-03-18","4.99","1"
"Israel","2007-03-19","12.98","2"
"Israel","2007-03-20","7.98","2"
"Israel","2007-03-21","11.97","3"
"Israel","2007-03-22","27.93","7"
"Israel","2007-03-23","15.97","3"
"Israel","2007-04-05","1.99","1"
"Israel","2007-04-06","16.96","4"
"Israel","2007-04-07","20.95","5"
"Israel","2007-04-08","15.97","3"
"Israel","2007-04-09","30.95","5"
"Israel","2007-04-10","7.98","2"
"Israel","2007-04-11","5.99","1"
"Israel","2007-04-12","14.97","3"
"Israel","2007-04-27","14.95","5"
"Israel","2007-04-28","0.99","1"
"Israel","2007-04-29","28.95","5"
"Israel","2007-04-30","42.89","11"
"Israel","2007-05-14","2.99","1"
"Italy","2007-02-15","24.95","5"
"Italy","2007-02-16","8.97","3"
"Italy","2007-02-17","7.98","2"
"Italy","2007-02-18","5.98","2"
"Italy","2007-02-19","20.97","3"
"Italy","2007-02-20","17.97","3"
"Italy","2007-02-21","8.98","2"
"Italy","2007-03-01","29.90","10"
"Italy","2007-03-02","13.96","4"
"Italy","2007-03-16","13.98","2"
"Italy","2007-03-17","39.91","9"
"Italy","2007-03-18","41.90","10"
"Italy","2007-03-19","39.93","7"
"Italy","2007-03-20","22.93","7"
"Italy","2007-03-21","21.95","5"
"Italy","2007-03-22","67.86","14"
"Italy","2007-03-23","21.94","6"
"Italy","2007-04-06","30.95","5"
"Italy","2007-04-07","15.97","3"
"Italy","2007-04-08","24.95","5"
"Italy","2007-04-09","33.92","8"
"Italy","2007-04-10","32.93","7"
"Italy","2007-04-11","23.96","4"
"Italy","2007-04-12","20.94","6"
"Italy","2007-04-27","28.94","6"
"Italy","2007-04-28","39.91","9"
"Italy","2007-04-29","29.91","9"
"Italy","2007-04-30","56.84","16"
"Italy","2007-05-14","3.98","2"
"Japan","2007-02-14","9.98","2"
"Japan","2007-02-15","59.85","15"
"Japan","2007-02-16","58.86","14"
"Japan","2007-02-17","71.84","16"
"Japan","2007-02-18","81.83","17"
"Japan","2007-02-19","58.85","15"
"Japan","2007-02-20","58.82","18"
"Japan","2007-02-21","27.92","8"
"Japan","2007-03-01","147.63","37"
"Japan","2007-03-02","114.74","26"
"Japan","2007-03-16","14.94","6"
"Japan","2007-03-17","115.73","27"
"Japan","2007-03-18","194.59","41"
"Japan","2007-03-19","147.64","36"
"Japan","2007-03-20","147.66","34"
"Japan","2007-03-21","135.64","36"
"Japan","2007-03-22","149.66","34"
"Japan","2007-03-23","84.80","20"
"Japan","2007-04-05","4.98","2"
"Japan","2007-04-06","129.75","25"
"Japan","2007-04-07","76.83","17"
"Japan","2007-04-08","95.75","25"
"Japan","2007-04-09","88.76","24"
"Japan","2007-04-10","136.69","31"
"Japan","2007-04-11","116.71","29"
"Japan","2007-04-12","70.78","22"
"Japan","2007-04-26","41.92","8"
"Japan","2007-04-27","155.66","34"
"Japan","2007-04-28","127.68","32"
"Japan","2007-04-29","105.71","29"
"Japan","2007-04-30","267.40","60"
"Japan","2007-05-14","22.91","9"
"Kazakstan","2007-02-15","0.99","1"
"Kazakstan","2007-02-16","11.98","2"
"Kazakstan","2007-02-17","0.99","1"
"Kazakstan","2007-02-18","1.99","1"
"Kazakstan","2007-02-19","5.99","1"
"Kazakstan","2007-02-20","2.98","2"
"Kazakstan","2007-02-21","8.98","2"
"Kazakstan","2007-03-01","8.97","3"
"Kazakstan","2007-03-02","8.98","2"
"Kazakstan","2007-03-17","9.97","3"
"Kazakstan","2007-03-18","7.98","2"
"Kazakstan","2007-03-19","2.99","1"
"Kazakstan","2007-03-20","3.99","1"
"Kazakstan","2007-03-21","2.99","1"
"Kazakstan","2007-03-22","4.99","1"
"Kazakstan","2007-03-23","10.99","1"
"Kazakstan","2007-04-06","3.98","2"
"Kazakstan","2007-04-07","10.97","3"
"Kazakstan","2007-04-08","3.98","2"
"Kazakstan","2007-04-09","5.99","1"
"Kazakstan","2007-04-10","13.97","3"
"Kazakstan","2007-04-12","8.98","2"
"Kazakstan","2007-04-28","6.99","1"
"Kazakstan","2007-04-29","11.97","3"
"Kazakstan","2007-04-30","29.93","7"
"Kenya","2007-02-15","9.98","2"
"Kenya","2007-02-16","9.98","2"
"Kenya","2007-02-18","6.99","1"
"Kenya","2007-02-19","19.96","4"
"Kenya","2007-02-21","11.98","2"
"Kenya","2007-03-01","9.98","2"
"Kenya","2007-03-18","16.96","4"
"Kenya","2007-03-20","13.97","3"
"Kenya","2007-03-21","5.98","2"
"Kenya","2007-03-22","32.94","6"
"Kenya","2007-03-23","5.99","1"
"Kenya","2007-04-06","3.99","1"
"Kenya","2007-04-08","6.99","1"
"Kenya","2007-04-10","10.98","2"
"Kenya","2007-04-11","4.99","1"
"Kenya","2007-04-12","12.97","3"
"Kenya","2007-04-27","2.99","1"
"Kenya","2007-04-28","10.97","3"
"Kenya","2007-04-29","21.95","5"
"Kenya","2007-04-30","21.96","4"
"Kenya","2007-05-14","2.99","1"
"Kuwait","2007-02-15","3.99","1"
"Kuwait","2007-02-16","3.98","2"
"Kuwait","2007-02-17","10.98","2"
"Kuwait","2007-02-18","5.99","1"
"Kuwait","2007-02-20","11.98","2"
"Kuwait","2007-03-01","7.98","2"
"Kuwait","2007-03-02","17.96","4"
"Kuwait","2007-03-17","3.99","1"
"Kuwait","2007-03-18","0.99","1"
"Kuwait","2007-03-19","13.97","3"
"Kuwait","2007-03-22","8.98","2"
"Kuwait","2007-04-08","8.98","2"
"Kuwait","2007-04-30","5.99","1"
"Kuwait","2007-05-14","0.99","1"
"Latvia","2007-02-16","8.99","1"
"Latvia","2007-02-18","0.99","1"
"Latvia","2007-02-19","2.98","2"
"Latvia","2007-02-20","24.96","4"
"Latvia","2007-02-21","10.98","2"
"Latvia","2007-03-01","2.99","1"
"Latvia","2007-03-16","2.99","1"
"Latvia","2007-03-17","8.99","1"
"Latvia","2007-03-18","13.98","2"
"Latvia","2007-03-19","20.96","4"
"Latvia","2007-03-20","1.98","2"
"Latvia","2007-03-21","2.99","1"
"Latvia","2007-03-22","10.97","3"
"Latvia","2007-03-23","4.99","1"
"Latvia","2007-04-06","12.96","4"
"Latvia","2007-04-07","5.99","1"
"Latvia","2007-04-08","9.98","2"
"Latvia","2007-04-09","0.99","1"
"Latvia","2007-04-10","2.99","1"
"Latvia","2007-04-11","7.97","3"
"Latvia","2007-04-12","5.99","1"
"Latvia","2007-04-27","7.99","1"
"Latvia","2007-04-28","18.95","5"
"Latvia","2007-04-29","8.97","3"
"Latvia","2007-04-30","43.92","8"
"Latvia","2007-05-14","2.99","1"
"Liechtenstein","2007-02-17","6.98","2"
"Liechtenstein","2007-02-18","4.99","1"
"Liechtenstein","2007-02-20","7.99","1"
"Liechtenstein","2007-02-21","0.99","1"
"Liechtenstein","2007-03-19","6.98","2"
"Liechtenstein","2007-03-20","10.98","2"
"Liechtenstein","2007-03-23","10.98","2"
"Liechtenstein","2007-04-06","4.99","1"
"Liechtenstein","2007-04-07","4.99","1"
"Liechtenstein","2007-04-09","4.99","1"
"Liechtenstein","2007-04-10","3.98","2"
"Liechtenstein","2007-04-12","11.97","3"
"Liechtenstein","2007-04-28","5.99","1"
"Liechtenstein","2007-04-30","12.94","6"
"Lithuania","2007-02-16","0.99","1"
"Lithuania","2007-02-20","10.98","2"
"Lithuania","2007-03-02","0.99","1"
"Lithuania","2007-03-18","4.98","2"
"Lithuania","2007-03-20","5.98","2"
"Lithuania","2007-03-22","0.99","1"
"Lithuania","2007-03-23","6.98","2"
"Lithuania","2007-04-08","2.98","2"
"Lithuania","2007-04-11","0.99","1"
"Lithuania","2007-04-12","9.97","3"
"Lithuania","2007-04-30","12.96","4"
"Lithuania","2007-05-14","4.99","1"
"Madagascar","2007-02-19","7.98","2"
"Madagascar","2007-02-21","4.99","1"
"Madagascar","2007-03-01","0.99","1"
"Madagascar","2007-03-17","10.98","2"
"Madagascar","2007-03-20","5.99","1"
"Madagascar","2007-03-21","16.97","3"
"Madagascar","2007-03-22","5.99","1"
"Madagascar","2007-03-23","14.96","4"
"Madagascar","2007-04-06","2.99","1"
"Madagascar","2007-04-08","9.99","1"
"Madagascar","2007-04-09","0.99","1"
"Madagascar","2007-04-27","4.99","1"
"Madagascar","2007-04-28","0.99","1"
"Madagascar","2007-04-30","3.99","1"
"Malawi","2007-02-15","2.99","1"
"Malawi","2007-02-18","3.99","1"
"Malawi","2007-02-19","5.99","1"
"Malawi","2007-02-20","0.99","1"
"Malawi","2007-03-01","7.99","1"
"Malawi","2007-03-18","4.99","1"
"Malawi","2007-03-19","4.99","1"
"Malawi","2007-03-20","12.98","2"
"Malawi","2007-03-21","8.98","2"
"Malawi","2007-03-22","8.98","2"
"Malawi","2007-03-23","1.99","1"
"Malawi","2007-04-06","5.98","2"
"Malawi","2007-04-07","6.99","1"
"Malawi","2007-04-08","0.99","1"
"Malawi","2007-04-09","9.98","2"
"Malawi","2007-04-10","10.98","2"
"Malawi","2007-04-11","0.99","1"
"Malawi","2007-04-12","2.99","1"
"Malawi","2007-04-27","2.99","1"
"Malawi","2007-04-28","5.99","1"
"Malawi","2007-04-30","8.99","1"
"Malaysia","2007-02-16","0.99","1"
"Malaysia","2007-02-17","4.99","1"
"Malaysia","2007-02-18","15.97","3"
"Malaysia","2007-02-19","9.97","3"
"Malaysia","2007-02-20","0.99","1"
"Malaysia","2007-02-21","6.99","1"
"Malaysia","2007-03-01","16.96","4"
"Malaysia","2007-03-02","12.97","3"
"Malaysia","2007-03-17","7.98","2"
"Malaysia","2007-03-18","21.97","3"
"Malaysia","2007-03-19","28.93","7"
"Malaysia","2007-03-20","24.94","6"
"Malaysia","2007-03-21","24.96","4"
"Malaysia","2007-03-22","7.98","2"
"Malaysia","2007-03-23","8.98","2"
"Malaysia","2007-04-06","15.96","4"
"Malaysia","2007-04-07","10.98","2"
"Malaysia","2007-04-08","1.99","1"
"Malaysia","2007-04-09","1.99","1"
"Malaysia","2007-04-10","13.97","3"
"Malaysia","2007-04-12","6.97","3"
"Malaysia","2007-04-26","4.99","1"
"Malaysia","2007-04-27","30.95","5"
"Malaysia","2007-04-28","2.99","1"
"Malaysia","2007-04-29","2.97","3"
"Malaysia","2007-04-30","39.91","9"
"Malaysia","2007-05-14","0.99","1"
"Mexico","2007-02-15","51.83","17"
"Mexico","2007-02-16","72.83","17"
"Mexico","2007-02-17","114.78","22"
"Mexico","2007-02-18","51.87","13"
"Mexico","2007-02-19","60.90","10"
"Mexico","2007-02-20","32.90","10"
"Mexico","2007-02-21","60.87","13"
"Mexico","2007-03-01","131.66","34"
"Mexico","2007-03-02","147.67","33"
"Mexico","2007-03-16","13.96","4"
"Mexico","2007-03-17","120.70","30"
"Mexico","2007-03-18","150.67","33"
"Mexico","2007-03-19","124.67","33"
"Mexico","2007-03-20","128.68","32"
"Mexico","2007-03-21","85.75","25"
"Mexico","2007-03-22","123.64","36"
"Mexico","2007-03-23","110.71","29"
"Mexico","2007-04-05","6.99","1"
"Mexico","2007-04-06","88.78","22"
"Mexico","2007-04-07","118.74","26"
"Mexico","2007-04-08","156.64","36"
"Mexico","2007-04-09","127.75","25"
"Mexico","2007-04-10","96.82","18"
"Mexico","2007-04-11","103.80","20"
"Mexico","2007-04-12","107.72","28"
"Mexico","2007-04-27","128.71","29"
"Mexico","2007-04-28","113.72","28"
"Mexico","2007-04-29","105.77","23"
"Mexico","2007-04-30","231.35","65"
"Mexico","2007-05-14","13.94","6"
"Moldova","2007-02-15","2.99","1"
"Moldova","2007-02-19","3.98","2"
"Moldova","2007-02-20","4.99","1"
"Moldova","2007-02-21","3.99","1"
"Moldova","2007-03-01","6.99","1"
"Moldova","2007-03-02","6.98","2"
"Moldova","2007-03-17","5.98","2"
"Moldova","2007-03-18","1.99","1"
"Moldova","2007-03-21","14.97","3"
"Moldova","2007-03-23","8.98","2"
"Moldova","2007-04-07","12.97","3"
"Moldova","2007-04-08","4.99","1"
"Moldova","2007-04-09","5.98","2"
"Moldova","2007-04-10","2.99","1"
"Moldova","2007-04-12","5.99","1"
"Moldova","2007-04-26","0.99","1"
"Moldova","2007-04-27","16.97","3"
"Moldova","2007-04-28","0.99","1"
"Moldova","2007-04-30","13.95","5"
"Morocco","2007-02-16","4.99","1"
"Morocco","2007-02-18","10.98","2"
"Morocco","2007-02-20","15.96","4"
"Morocco","2007-02-21","9.97","3"
"Morocco","2007-03-01","8.97","3"
"Morocco","2007-03-02","9.99","1"
"Morocco","2007-03-17","16.95","5"
"Morocco","2007-03-18","10.98","2"
"Morocco","2007-03-19","21.95","5"
"Morocco","2007-03-20","11.97","3"
"Morocco","2007-03-21","13.98","2"
"Morocco","2007-03-22","12.97","3"
"Morocco","2007-03-23","18.96","4"
"Morocco","2007-04-07","2.99","1"
"Morocco","2007-04-08","4.98","2"
"Morocco","2007-04-09","11.98","2"
"Morocco","2007-04-10","11.97","3"
"Morocco","2007-04-11","4.99","1"
"Morocco","2007-04-12","0.99","1"
"Morocco","2007-04-27","7.98","2"
"Morocco","2007-04-28","13.96","4"
"Morocco","2007-04-29","7.98","2"
"Morocco","2007-04-30","32.92","8"
"Morocco","2007-05-14","4.99","1"
"Mozambique","2007-02-17","2.99","1"
"Mozambique","2007-02-19","5.98","2"
"Mozambique","2007-02-20","4.99","1"
"Mozambique","2007-02-21","0.99","1"
"Mozambique","2007-03-01","7.98","2"
"Mozambique","2007-03-02","5.98","2"
"Mozambique","2007-03-16","6.99","1"
"Mozambique","2007-03-17","4.98","2"
"Mozambique","2007-03-18","6.99","1"
"Mozambique","2007-03-19","25.94","6"
"Mozambique","2007-03-20","11.97","3"
"Mozambique","2007-03-21","16.97","3"
"Mozambique","2007-03-22","1.98","2"
"Mozambique","2007-03-23","14.96","4"
"Mozambique","2007-04-06","8.97","3"
"Mozambique","2007-04-07","19.96","4"
"Mozambique","2007-04-08","17.97","3"
"Mozambique","2007-04-09","12.97","3"
"Mozambique","2007-04-10","13.98","2"
"Mozambique","2007-04-11","5.99","1"
"Mozambique","2007-04-12","19.94","6"
"Mozambique","2007-04-27","24.94","6"
"Mozambique","2007-04-28","17.95","5"
"Mozambique","2007-04-29","21.95","5"
"Mozambique","2007-04-30","30.94","6"
"Myanmar","2007-02-15","4.99","1"
"Myanmar","2007-02-16","7.96","4"
"Myanmar","2007-02-17","6.97","3"
"Myanmar","2007-02-18","11.98","2"
"Myanmar","2007-02-19","15.97","3"
"Myanmar","2007-03-01","4.99","1"
"Myanmar","2007-03-02","6.97","3"
"Myanmar","2007-03-16","4.99","1"
"Myanmar","2007-03-17","11.98","2"
"Myanmar","2007-03-18","8.99","1"
"Myanmar","2007-03-19","2.98","2"
"Myanmar","2007-03-20","22.95","5"
"Myanmar","2007-03-21","11.97","3"
"Myanmar","2007-03-22","2.99","1"
"Myanmar","2007-03-23","17.96","4"
"Myanmar","2007-04-07","1.98","2"
"Myanmar","2007-04-09","2.99","1"
"Myanmar","2007-04-11","0.99","1"
"Myanmar","2007-04-28","9.97","3"
"Myanmar","2007-04-29","3.99","1"
"Myanmar","2007-04-30","14.97","3"
"Nauru","2007-02-16","2.99","1"
"Nauru","2007-02-18","7.99","1"
"Nauru","2007-02-19","1.99","1"
"Nauru","2007-03-02","9.97","3"
"Nauru","2007-03-17","3.99","1"
"Nauru","2007-03-18","13.97","3"
"Nauru","2007-03-20","10.98","2"
"Nauru","2007-03-22","24.96","4"
"Nauru","2007-03-23","5.99","1"
"Nauru","2007-04-06","0.99","1"
"Nauru","2007-04-07","12.97","3"
"Nauru","2007-04-10","7.99","1"
"Nauru","2007-04-11","4.99","1"
"Nauru","2007-04-28","0.99","1"
"Nauru","2007-04-29","25.96","4"
"Nauru","2007-04-30","6.98","2"
"Nepal","2007-03-17","17.97","3"
"Nepal","2007-03-18","4.99","1"
"Nepal","2007-03-20","6.99","1"
"Nepal","2007-03-23","12.98","2"
"Nepal","2007-04-06","10.98","2"
"Nepal","2007-04-07","10.98","2"
"Nepal","2007-04-09","2.99","1"
"Nepal","2007-04-10","8.99","1"
"Nepal","2007-04-11","2.99","1"
"Nepal","2007-04-12","5.99","1"
"Nepal","2007-04-29","6.99","1"
"Nepal","2007-04-30","0.99","1"
"Netherlands","2007-02-15","7.99","1"
"Netherlands","2007-02-16","18.97","3"
"Netherlands","2007-02-17","7.98","2"
"Netherlands","2007-02-18","7.98","2"
"Netherlands","2007-02-19","5.98","2"
"Netherlands","2007-02-20","22.96","4"
"Netherlands","2007-02-21","11.98","2"
"Netherlands","2007-03-01","26.94","6"
"Netherlands","2007-03-02","21.94","6"
"Netherlands","2007-03-16","2.99","1"
"Netherlands","2007-03-17","28.94","6"
"Netherlands","2007-03-18","22.93","7"
"Netherlands","2007-03-19","28.93","7"
"Netherlands","2007-03-20","19.97","3"
"Netherlands","2007-03-21","24.95","5"
"Netherlands","2007-03-22","24.94","6"
"Netherlands","2007-03-23","33.93","7"
"Netherlands","2007-04-06","27.95","5"
"Netherlands","2007-04-07","16.95","5"
"Netherlands","2007-04-08","28.93","7"
"Netherlands","2007-04-09","12.96","4"
"Netherlands","2007-04-10","6.95","5"
"Netherlands","2007-04-11","7.98","2"
"Netherlands","2007-04-12","27.95","5"
"Netherlands","2007-04-27","13.96","4"
"Netherlands","2007-04-28","25.96","4"
"Netherlands","2007-04-29","20.96","4"
"Netherlands","2007-04-30","45.89","11"
"Netherlands","2007-05-14","0.99","1"
"New Zealand","2007-02-15","2.99","1"
"New Zealand","2007-02-17","5.99","1"
"New Zealand","2007-02-20","4.99","1"
"New Zealand","2007-03-01","2.99","1"
"New Zealand","2007-03-02","12.98","2"
"New Zealand","2007-03-18","2.99","1"
"New Zealand","2007-03-20","0.99","1"
"New Zealand","2007-03-22","7.99","1"
"New Zealand","2007-03-23","7.98","2"
"New Zealand","2007-04-05","5.99","1"
"New Zealand","2007-04-06","0.99","1"
"New Zealand","2007-04-07","6.98","2"
"New Zealand","2007-04-08","3.99","1"
"New Zealand","2007-04-09","5.98","2"
"New Zealand","2007-04-11","4.99","1"
"New Zealand","2007-04-12","0.99","1"
"New Zealand","2007-04-29","1.99","1"
"New Zealand","2007-04-30","3.98","2"
"Nigeria","2007-02-15","16.97","3"
"Nigeria","2007-02-16","5.98","2"
"Nigeria","2007-02-17","21.95","5"
"Nigeria","2007-02-18","15.96","4"
"Nigeria","2007-02-19","36.92","8"
"Nigeria","2007-02-20","8.99","1"
"Nigeria","2007-02-21","8.98","2"
"Nigeria","2007-03-01","73.87","13"
"Nigeria","2007-03-02","36.92","8"
"Nigeria","2007-03-16","2.99","1"
"Nigeria","2007-03-17","52.84","16"
"Nigeria","2007-03-18","24.91","9"
"Nigeria","2007-03-19","73.86","14"
"Nigeria","2007-03-20","67.82","18"
"Nigeria","2007-03-21","57.87","13"
"Nigeria","2007-03-22","95.80","20"
"Nigeria","2007-03-23","55.89","11"
"Nigeria","2007-04-06","53.88","12"
"Nigeria","2007-04-07","52.90","10"
"Nigeria","2007-04-08","77.84","16"
"Nigeria","2007-04-09","35.91","9"
"Nigeria","2007-04-10","37.89","11"
"Nigeria","2007-04-11","45.91","9"
"Nigeria","2007-04-12","59.87","13"
"Nigeria","2007-04-26","5.98","2"
"Nigeria","2007-04-27","70.80","20"
"Nigeria","2007-04-28","58.85","15"
"Nigeria","2007-04-29","70.81","19"
"Nigeria","2007-04-30","76.79","21"
"Nigeria","2007-05-14","8.97","3"
"North Korea","2007-02-18","0.99","1"
"North Korea","2007-03-02","9.98","2"
"North Korea","2007-03-18","12.98","2"
"North Korea","2007-03-19","17.96","4"
"North Korea","2007-03-20","2.99","1"
"North Korea","2007-03-22","4.99","1"
"North Korea","2007-04-06","0.99","1"
"North Korea","2007-04-07","9.98","2"
"North Korea","2007-04-08","0.99","1"
"North Korea","2007-04-10","4.99","1"
"North Korea","2007-04-27","10.97","3"
"North Korea","2007-04-28","0.99","1"
"North Korea","2007-04-29","12.95","5"
"North Korea","2007-04-30","15.96","4"
"Oman","2007-02-15","6.99","1"
"Oman","2007-02-16","2.99","1"
"Oman","2007-02-18","7.98","2"
"Oman","2007-02-20","8.98","2"
"Oman","2007-02-21","5.98","2"
"Oman","2007-03-01","6.97","3"
"Oman","2007-03-02","12.98","2"
"Oman","2007-03-16","0.99","1"
"Oman","2007-03-18","10.97","3"
"Oman","2007-03-19","2.99","1"
"Oman","2007-03-21","7.99","1"
"Oman","2007-04-06","3.98","2"
"Oman","2007-04-07","7.98","2"
"Oman","2007-04-08","5.97","3"
"Oman","2007-04-09","2.99","1"
"Oman","2007-04-10","3.98","2"
"Oman","2007-04-11","15.96","4"
"Oman","2007-04-27","17.96","4"
"Oman","2007-04-28","10.97","3"
"Oman","2007-04-30","10.97","3"
"Oman","2007-05-14","4.99","1"
"Pakistan","2007-02-14","2.99","1"
"Pakistan","2007-02-15","12.97","3"
"Pakistan","2007-02-16","18.94","6"
"Pakistan","2007-02-17","3.99","1"
"Pakistan","2007-02-18","9.98","2"
"Pakistan","2007-02-19","8.99","1"
"Pakistan","2007-02-20","13.97","3"
"Pakistan","2007-02-21","9.98","2"
"Pakistan","2007-03-01","38.92","8"
"Pakistan","2007-03-02","33.93","7"
"Pakistan","2007-03-16","6.99","1"
"Pakistan","2007-03-17","6.96","4"
"Pakistan","2007-03-18","8.99","1"
"Pakistan","2007-03-19","34.92","8"
"Pakistan","2007-03-20","0.99","1"
"Pakistan","2007-03-21","22.95","5"
"Pakistan","2007-03-22","28.92","8"
"Pakistan","2007-03-23","24.93","7"
"Pakistan","2007-04-05","5.99","1"
"Pakistan","2007-04-06","11.96","4"
"Pakistan","2007-04-07","9.96","4"
"Pakistan","2007-04-08","10.97","3"
"Pakistan","2007-04-09","0.99","1"
"Pakistan","2007-04-10","8.97","3"
"Pakistan","2007-04-11","22.95","5"
"Pakistan","2007-04-12","20.96","4"
"Pakistan","2007-04-27","10.98","2"
"Pakistan","2007-04-28","12.96","4"
"Pakistan","2007-04-29","25.93","7"
"Pakistan","2007-04-30","40.91","9"
"Paraguay","2007-02-15","13.96","4"
"Paraguay","2007-02-16","1.98","2"
"Paraguay","2007-02-18","5.99","1"
"Paraguay","2007-02-19","4.99","1"
"Paraguay","2007-02-21","7.98","2"
"Paraguay","2007-03-02","4.99","1"
"Paraguay","2007-03-17","4.98","2"
"Paraguay","2007-03-18","9.98","2"
"Paraguay","2007-03-20","2.99","1"
"Paraguay","2007-03-21","40.91","9"
"Paraguay","2007-03-22","5.98","2"
"Paraguay","2007-03-23","21.95","5"
"Paraguay","2007-04-06","12.98","2"
"Paraguay","2007-04-07","27.94","6"
"Paraguay","2007-04-08","4.99","1"
"Paraguay","2007-04-09","9.97","3"
"Paraguay","2007-04-11","7.99","1"
"Paraguay","2007-04-12","9.99","1"
"Paraguay","2007-04-27","16.97","3"
"Paraguay","2007-04-28","13.97","3"
"Paraguay","2007-04-29","19.96","4"
"Paraguay","2007-04-30","21.96","4"
"Peru","2007-02-15","13.97","3"
"Peru","2007-02-18","16.95","5"
"Peru","2007-02-19","11.97","3"
"Peru","2007-02-20","1.99","1"
"Peru","2007-02-21","5.99","1"
"Peru","2007-03-01","13.97","3"
"Peru","2007-03-02","38.91","9"
"Peru","2007-03-16","4.99","1"
"Peru","2007-03-17","22.95","5"
"Peru","2007-03-18","21.96","4"
"Peru","2007-03-19","24.93","7"
"Peru","2007-03-20","18.96","4"
"Peru","2007-03-21","5.99","1"
"Peru","2007-03-22","17.96","4"
"Peru","2007-03-23","2.99","1"
"Peru","2007-04-05","0.99","1"
"Peru","2007-04-06","10.97","3"
"Peru","2007-04-07","17.97","3"
"Peru","2007-04-08","13.98","2"
"Peru","2007-04-09","21.94","6"
"Peru","2007-04-10","12.96","4"
"Peru","2007-04-11","6.95","5"
"Peru","2007-04-12","11.96","4"
"Peru","2007-04-26","7.99","1"
"Peru","2007-04-27","13.97","3"
"Peru","2007-04-28","18.95","5"
"Peru","2007-04-29","5.99","1"
"Peru","2007-04-30","32.92","8"
"Peru","2007-05-14","4.99","1"
"Philippines","2007-02-14","6.99","1"
"Philippines","2007-02-15","68.81","19"
"Philippines","2007-02-16","43.91","9"
"Philippines","2007-02-17","50.90","10"
"Philippines","2007-02-18","44.90","10"
"Philippines","2007-02-19","44.90","10"
"Philippines","2007-02-20","68.85","15"
"Philippines","2007-02-21","29.91","9"
"Philippines","2007-03-01","84.81","19"
"Philippines","2007-03-02","102.79","21"
"Philippines","2007-03-16","13.98","2"
"Philippines","2007-03-17","122.71","29"
"Philippines","2007-03-18","95.80","20"
"Philippines","2007-03-19","100.77","23"
"Philippines","2007-03-20","101.77","23"
"Philippines","2007-03-21","109.75","25"
"Philippines","2007-03-22","103.74","26"
"Philippines","2007-03-23","69.86","14"
"Philippines","2007-04-05","3.99","1"
"Philippines","2007-04-06","44.85","15"
"Philippines","2007-04-07","51.89","11"
"Philippines","2007-04-08","88.81","19"
"Philippines","2007-04-09","81.80","20"
"Philippines","2007-04-10","100.75","25"
"Philippines","2007-04-11","46.83","17"
"Philippines","2007-04-12","42.88","12"
"Philippines","2007-04-26","15.96","4"
"Philippines","2007-04-27","70.81","19"
"Philippines","2007-04-28","75.78","22"
"Philippines","2007-04-29","58.85","15"
"Philippines","2007-04-30","245.45","55"
"Philippines","2007-05-14","25.90","10"
"Poland","2007-02-15","8.98","2"
"Poland","2007-02-16","4.99","1"
"Poland","2007-02-17","32.93","7"
"Poland","2007-02-18","21.94","6"
"Poland","2007-02-19","5.98","2"
"Poland","2007-02-20","19.96","4"
"Poland","2007-02-21","29.96","4"
"Poland","2007-03-01","32.92","8"
"Poland","2007-03-02","37.90","10"
"Poland","2007-03-16","10.98","2"
"Poland","2007-03-17","24.92","8"
"Poland","2007-03-18","16.94","6"
"Poland","2007-03-19","30.91","9"
"Poland","2007-03-20","25.93","7"
"Poland","2007-03-21","25.94","6"
"Poland","2007-03-22","29.93","7"
"Poland","2007-03-23","35.93","7"
"Poland","2007-04-05","3.99","1"
"Poland","2007-04-06","64.87","13"
"Poland","2007-04-07","19.97","3"
"Poland","2007-04-08","16.95","5"
"Poland","2007-04-09","16.95","5"
"Poland","2007-04-10","27.94","6"
"Poland","2007-04-11","21.96","4"
"Poland","2007-04-12","48.92","8"
"Poland","2007-04-27","32.91","9"
"Poland","2007-04-28","24.93","7"
"Poland","2007-04-29","30.90","10"
"Poland","2007-04-30","78.83","17"
"Puerto Rico","2007-02-15","0.99","1"
"Puerto Rico","2007-02-18","6.99","1"
"Puerto Rico","2007-02-19","10.98","2"
"Puerto Rico","2007-03-01","2.99","1"
"Puerto Rico","2007-03-02","9.98","2"
"Puerto Rico","2007-03-16","4.99","1"
"Puerto Rico","2007-03-17","5.99","1"
"Puerto Rico","2007-03-18","6.98","2"
"Puerto Rico","2007-03-19","14.97","3"
"Puerto Rico","2007-03-20","10.98","2"
"Puerto Rico","2007-03-21","4.99","1"
"Puerto Rico","2007-03-22","2.99","1"
"Puerto Rico","2007-03-23","4.99","1"
"Puerto Rico","2007-04-06","5.98","2"
"Puerto Rico","2007-04-07","20.96","4"
"Puerto Rico","2007-04-09","12.97","3"
"Puerto Rico","2007-04-10","12.97","3"
"Puerto Rico","2007-04-11","0.99","1"
"Puerto Rico","2007-04-12","5.99","1"
"Puerto Rico","2007-04-27","19.96","4"
"Puerto Rico","2007-04-28","23.95","5"
"Puerto Rico","2007-04-29","5.97","3"
"Puerto Rico","2007-04-30","24.94","6"
"Puerto Rico","2007-05-14","0.99","1"
"Romania","2007-02-15","8.98","2"
"Romania","2007-02-16","5.98","2"
"Romania","2007-02-18","8.99","1"
"Romania","2007-02-19","2.97","3"
"Romania","2007-03-01","2.99","1"
"Romania","2007-03-02","5.99","1"
"Romania","2007-03-16","5.99","1"
"Romania","2007-03-17","7.96","4"
"Romania","2007-03-18","10.97","3"
"Romania","2007-03-19","2.99","1"
"Romania","2007-03-20","16.97","3"
"Romania","2007-03-21","7.98","2"
"Romania","2007-03-23","9.97","3"
"Romania","2007-04-07","2.98","2"
"Romania","2007-04-08","34.91","9"
"Romania","2007-04-09","9.96","4"
"Romania","2007-04-11","10.97","3"
"Romania","2007-04-27","10.97","3"
"Romania","2007-04-28","6.98","2"
"Romania","2007-04-29","24.95","5"
"Romania","2007-04-30","17.97","3"
"Runion","2007-02-15","8.98","2"
"Runion","2007-02-19","13.97","3"
"Runion","2007-03-01","6.99","1"
"Runion","2007-03-02","10.99","1"
"Runion","2007-03-17","3.98","2"
"Runion","2007-03-18","3.99","1"
"Runion","2007-03-19","13.98","2"
"Runion","2007-03-20","0.99","1"
"Runion","2007-03-21","15.96","4"
"Runion","2007-03-22","22.96","4"
"Runion","2007-03-23","7.98","2"
"Runion","2007-04-06","0.99","1"
"Runion","2007-04-07","0.99","1"
"Runion","2007-04-08","5.98","2"
"Runion","2007-04-09","9.98","2"
"Runion","2007-04-11","1.99","1"
"Runion","2007-04-12","19.98","2"
"Runion","2007-04-28","20.96","4"
"Runion","2007-04-29","18.96","4"
"Runion","2007-04-30","20.95","5"
"Russian Federation","2007-02-14","7.98","2"
"Russian Federation","2007-02-15","65.83","17"
"Russian Federation","2007-02-16","55.89","11"
"Russian Federation","2007-02-17","49.87","13"
"Russian Federation","2007-02-18","35.91","9"
"Russian Federation","2007-02-19","60.84","16"
"Russian Federation","2007-02-20","49.86","14"
"Russian Federation","2007-02-21","44.91","9"
"Russian Federation","2007-03-01","150.66","34"
"Russian Federation","2007-03-02","82.79","21"
"Russian Federation","2007-03-16","6.97","3"
"Russian Federation","2007-03-17","111.76","24"
"Russian Federation","2007-03-18","117.68","32"
"Russian Federation","2007-03-19","102.70","30"
"Russian Federation","2007-03-20","66.86","14"
"Russian Federation","2007-03-21","75.82","18"
"Russian Federation","2007-03-22","122.72","28"
"Russian Federation","2007-03-23","121.72","28"
"Russian Federation","2007-04-05","8.97","3"
"Russian Federation","2007-04-06","82.83","17"
"Russian Federation","2007-04-07","53.83","17"
"Russian Federation","2007-04-08","149.71","29"
"Russian Federation","2007-04-09","112.76","24"
"Russian Federation","2007-04-10","123.74","26"
"Russian Federation","2007-04-11","72.82","18"
"Russian Federation","2007-04-12","102.77","23"
"Russian Federation","2007-04-26","12.97","3"
"Russian Federation","2007-04-27","98.77","23"
"Russian Federation","2007-04-28","161.67","33"
"Russian Federation","2007-04-29","141.70","30"
"Russian Federation","2007-04-30","304.35","65"
"Russian Federation","2007-05-14","7.96","4"
"Saint Vincent and the Grenadines","2007-03-01","0.99","1"
"Saint Vincent and the Grenadines","2007-03-02","13.96","4"
"Saint Vincent and the Grenadines","2007-03-19","2.99","1"
"Saint Vincent and the Grenadines","2007-04-06","0.99","1"
"Saint Vincent and the Grenadines","2007-04-07","7.99","1"
"Saint Vincent and the Grenadines","2007-04-09","5.99","1"
"Saint Vincent and the Grenadines","2007-04-27","2.99","1"
"Saint Vincent and the Grenadines","2007-04-28","7.98","2"
"Saint Vincent and the Grenadines","2007-04-29","13.97","3"
"Saint Vincent and the Grenadines","2007-04-30","6.97","3"
"Saudi Arabia","2007-02-14","0.99","1"
"Saudi Arabia","2007-02-15","9.99","1"
"Saudi Arabia","2007-02-16","7.98","2"
"Saudi Arabia","2007-02-17","3.99","1"
"Saudi Arabia","2007-02-18","4.99","1"
"Saudi Arabia","2007-02-21","4.99","1"
"Saudi Arabia","2007-03-01","18.93","7"
"Saudi Arabia","2007-03-02","26.95","5"
"Saudi Arabia","2007-03-17","22.94","6"
"Saudi Arabia","2007-03-18","24.95","5"
"Saudi Arabia","2007-03-19","6.97","3"
"Saudi Arabia","2007-03-20","16.96","4"
"Saudi Arabia","2007-03-21","37.91","9"
"Saudi Arabia","2007-03-22","11.96","4"
"Saudi Arabia","2007-03-23","11.97","3"
"Saudi Arabia","2007-04-06","15.95","5"
"Saudi Arabia","2007-04-07","13.97","3"
"Saudi Arabia","2007-04-08","6.98","2"
"Saudi Arabia","2007-04-09","20.95","5"
"Saudi Arabia","2007-04-10","8.98","2"
"Saudi Arabia","2007-04-11","29.95","5"
"Saudi Arabia","2007-04-12","18.96","4"
"Saudi Arabia","2007-04-27","23.96","4"
"Saudi Arabia","2007-04-28","25.96","4"
"Saudi Arabia","2007-04-29","37.91","9"
"Saudi Arabia","2007-04-30","32.92","8"
"Saudi Arabia","2007-05-14","3.98","2"
"Senegal","2007-02-15","2.99","1"
"Senegal","2007-02-16","0.99","1"
"Senegal","2007-02-17","12.98","2"
"Senegal","2007-02-18","5.98","2"
"Senegal","2007-02-19","2.99","1"
"Senegal","2007-03-01","8.98","2"
"Senegal","2007-03-18","4.99","1"
"Senegal","2007-03-19","13.98","2"
"Senegal","2007-03-20","4.99","1"
"Senegal","2007-03-21","4.98","2"
"Senegal","2007-03-23","6.98","2"
"Senegal","2007-04-06","10.98","2"
"Senegal","2007-04-07","3.99","1"
"Senegal","2007-04-10","0.99","1"
"Senegal","2007-04-11","0.99","1"
"Senegal","2007-04-27","2.99","1"
"Senegal","2007-04-29","4.99","1"
"Slovakia","2007-02-15","5.99","1"
"Slovakia","2007-02-16","1.99","1"
"Slovakia","2007-02-17","8.98","2"
"Slovakia","2007-03-01","13.96","4"
"Slovakia","2007-03-02","2.99","1"
"Slovakia","2007-03-22","0.99","1"
"Slovakia","2007-03-23","2.99","1"
"Slovakia","2007-04-06","3.99","1"
"Slovakia","2007-04-07","0.99","1"
"Slovakia","2007-04-10","0.99","1"
"Slovakia","2007-04-11","16.97","3"
"Slovakia","2007-04-12","0.99","1"
"Slovakia","2007-04-27","8.98","2"
"Slovakia","2007-04-28","5.98","2"
"Slovakia","2007-04-30","3.99","1"
"South Africa","2007-02-14","5.99","1"
"South Africa","2007-02-15","16.96","4"
"South Africa","2007-02-16","19.94","6"
"South Africa","2007-02-17","6.98","2"
"South Africa","2007-02-18","26.94","6"
"South Africa","2007-02-19","24.93","7"
"South Africa","2007-02-20","30.94","6"
"South Africa","2007-02-21","9.97","3"
"South Africa","2007-03-01","54.86","14"
"South Africa","2007-03-02","41.91","9"
"South Africa","2007-03-16","19.97","3"
"South Africa","2007-03-17","84.78","22"
"South Africa","2007-03-18","42.90","10"
"South Africa","2007-03-19","41.91","9"
"South Africa","2007-03-20","63.89","11"
"South Africa","2007-03-21","28.94","6"
"South Africa","2007-03-22","40.90","10"
"South Africa","2007-03-23","33.92","8"
"South Africa","2007-04-05","0.99","1"
"South Africa","2007-04-06","33.91","9"
"South Africa","2007-04-07","38.92","8"
"South Africa","2007-04-08","38.91","9"
"South Africa","2007-04-09","39.90","10"
"South Africa","2007-04-10","36.93","7"
"South Africa","2007-04-11","43.89","11"
"South Africa","2007-04-12","21.95","5"
"South Africa","2007-04-26","1.99","1"
"South Africa","2007-04-27","39.90","10"
"South Africa","2007-04-28","44.86","14"
"South Africa","2007-04-29","21.92","8"
"South Africa","2007-04-30","103.77","23"
"South Africa","2007-05-14","4.99","1"
"South Korea","2007-02-15","7.96","4"
"South Korea","2007-02-16","9.98","2"
"South Korea","2007-02-17","10.97","3"
"South Korea","2007-02-18","16.96","4"
"South Korea","2007-02-19","2.99","1"
"South Korea","2007-02-20","5.98","2"
"South Korea","2007-03-01","10.97","3"
"South Korea","2007-03-02","38.92","8"
"South Korea","2007-03-17","22.96","4"
"South Korea","2007-03-18","9.97","3"
"South Korea","2007-03-19","9.98","2"
"South Korea","2007-03-20","28.95","5"
"South Korea","2007-03-21","3.99","1"
"South Korea","2007-03-22","27.95","5"
"South Korea","2007-03-23","23.95","5"
"South Korea","2007-04-05","6.97","3"
"South Korea","2007-04-06","22.95","5"
"South Korea","2007-04-07","10.97","3"
"South Korea","2007-04-08","13.96","4"
"South Korea","2007-04-09","6.97","3"
"South Korea","2007-04-10","7.98","2"
"South Korea","2007-04-11","20.95","5"
"South Korea","2007-04-12","17.96","4"
"South Korea","2007-04-26","0.99","1"
"South Korea","2007-04-27","48.90","10"
"South Korea","2007-04-28","25.95","5"
"South Korea","2007-04-29","51.89","11"
"South Korea","2007-04-30","54.87","13"
"South Korea","2007-05-14","3.98","2"
"Spain","2007-02-15","10.97","3"
"Spain","2007-02-16","9.99","1"
"Spain","2007-02-17","2.99","1"
"Spain","2007-02-18","0.99","1"
"Spain","2007-02-19","2.99","1"
"Spain","2007-02-20","4.99","1"
"Spain","2007-03-01","25.90","10"
"Spain","2007-03-02","3.97","3"
"Spain","2007-03-17","20.94","6"
"Spain","2007-03-18","38.92","8"
"Spain","2007-03-19","16.96","4"
"Spain","2007-03-20","18.96","4"
"Spain","2007-03-21","28.93","7"
"Spain","2007-03-22","20.97","3"
"Spain","2007-03-23","37.94","6"
"Spain","2007-04-05","18.97","3"
"Spain","2007-04-06","21.94","6"
"Spain","2007-04-07","13.95","5"
"Spain","2007-04-08","11.98","2"
"Spain","2007-04-09","14.95","5"
"Spain","2007-04-10","18.96","4"
"Spain","2007-04-11","28.95","5"
"Spain","2007-04-12","4.99","1"
"Spain","2007-04-26","3.99","1"
"Spain","2007-04-27","42.92","8"
"Spain","2007-04-28","10.97","3"
"Spain","2007-04-29","18.95","5"
"Spain","2007-04-30","45.89","11"
"Spain","2007-05-14","9.98","2"
"Sri Lanka","2007-02-18","4.99","1"
"Sri Lanka","2007-02-19","5.98","2"
"Sri Lanka","2007-03-02","2.99","1"
"Sri Lanka","2007-03-17","2.99","1"
"Sri Lanka","2007-03-18","7.98","2"
"Sri Lanka","2007-03-19","0.99","1"
"Sri Lanka","2007-03-20","14.97","3"
"Sri Lanka","2007-03-21","4.99","1"
"Sri Lanka","2007-03-23","11.97","3"
"Sri Lanka","2007-04-07","3.99","1"
"Sri Lanka","2007-04-09","0.99","1"
"Sri Lanka","2007-04-11","5.98","2"
"Sri Lanka","2007-04-12","2.99","1"
"Sri Lanka","2007-04-27","4.99","1"
"Sri Lanka","2007-04-28","9.98","2"
"Sri Lanka","2007-04-29","10.98","2"
"Sri Lanka","2007-04-30","5.98","2"
"Sudan","2007-02-15","3.98","2"
"Sudan","2007-02-16","6.97","3"
"Sudan","2007-02-20","8.97","3"
"Sudan","2007-02-21","7.98","2"
"Sudan","2007-03-01","12.98","2"
"Sudan","2007-03-02","3.99","1"
"Sudan","2007-03-17","0.99","1"
"Sudan","2007-03-18","6.99","1"
"Sudan","2007-03-19","7.99","1"
"Sudan","2007-03-20","4.99","1"
"Sudan","2007-03-21","6.98","2"
"Sudan","2007-03-22","9.98","2"
"Sudan","2007-03-23","13.96","4"
"Sudan","2007-04-06","0.99","1"
"Sudan","2007-04-07","13.97","3"
"Sudan","2007-04-09","6.97","3"
"Sudan","2007-04-10","21.97","3"
"Sudan","2007-04-12","9.98","2"
"Sudan","2007-04-27","4.99","1"
"Sudan","2007-04-28","12.96","4"
"Sudan","2007-04-29","5.99","1"
"Sudan","2007-04-30","27.94","6"
"Sweden","2007-02-15","2.99","1"
"Sweden","2007-02-17","7.98","2"
"Sweden","2007-02-19","7.98","2"
"Sweden","2007-02-21","10.98","2"
"Sweden","2007-03-01","0.99","1"
"Sweden","2007-03-02","8.98","2"
"Sweden","2007-03-17","6.98","2"
"Sweden","2007-03-18","0.99","1"
"Sweden","2007-03-20","5.98","2"
"Sweden","2007-03-21","10.97","3"
"Sweden","2007-03-22","4.99","1"
"Sweden","2007-03-23","8.99","1"
"Sweden","2007-04-06","7.98","2"
"Sweden","2007-04-07","14.97","3"
"Sweden","2007-04-08","5.99","1"
"Sweden","2007-04-10","0.99","1"
"Sweden","2007-04-11","18.97","3"
"Sweden","2007-04-26","2.99","1"
"Sweden","2007-04-28","2.99","1"
"Sweden","2007-04-30","5.99","1"
"Switzerland","2007-02-15","1.99","1"
"Switzerland","2007-02-16","7.99","1"
"Switzerland","2007-02-17","7.99","1"
"Switzerland","2007-02-19","4.99","1"
"Switzerland","2007-02-20","2.99","1"
"Switzerland","2007-02-21","4.99","1"
"Switzerland","2007-03-01","0.99","1"
"Switzerland","2007-03-02","8.97","3"
"Switzerland","2007-03-17","15.98","2"
"Switzerland","2007-03-18","2.99","1"
"Switzerland","2007-03-19","0.99","1"
"Switzerland","2007-03-20","0.99","1"
"Switzerland","2007-03-21","15.96","4"
"Switzerland","2007-03-22","19.95","5"
"Switzerland","2007-03-23","1.99","1"
"Switzerland","2007-04-06","12.97","3"
"Switzerland","2007-04-07","4.99","1"
"Switzerland","2007-04-09","1.99","1"
"Switzerland","2007-04-10","5.99","1"
"Switzerland","2007-04-11","18.96","4"
"Switzerland","2007-04-12","14.96","4"
"Switzerland","2007-04-27","24.94","6"
"Switzerland","2007-04-28","18.96","4"
"Switzerland","2007-04-29","10.97","3"
"Switzerland","2007-04-30","25.95","5"
"Switzerland","2007-05-14","7.98","2"
"Taiwan","2007-02-14","2.99","1"
"Taiwan","2007-02-15","12.96","4"
"Taiwan","2007-02-16","31.92","8"
"Taiwan","2007-02-17","36.93","7"
"Taiwan","2007-02-18","14.96","4"
"Taiwan","2007-02-19","31.92","8"
"Taiwan","2007-02-20","22.95","5"
"Taiwan","2007-02-21","16.97","3"
"Taiwan","2007-03-01","60.86","14"
"Taiwan","2007-03-02","50.87","13"
"Taiwan","2007-03-17","36.92","8"
"Taiwan","2007-03-18","44.85","15"
"Taiwan","2007-03-19","43.88","12"
"Taiwan","2007-03-20","37.90","10"
"Taiwan","2007-03-21","38.89","11"
"Taiwan","2007-03-22","32.93","7"
"Taiwan","2007-03-23","51.84","16"
"Taiwan","2007-04-05","11.98","2"
"Taiwan","2007-04-06","40.90","10"
"Taiwan","2007-04-07","26.93","7"
"Taiwan","2007-04-08","54.85","15"
"Taiwan","2007-04-09","78.85","15"
"Taiwan","2007-04-10","24.94","6"
"Taiwan","2007-04-11","17.95","5"
"Taiwan","2007-04-12","52.85","15"
"Taiwan","2007-04-27","39.88","12"
"Taiwan","2007-04-28","75.83","17"
"Taiwan","2007-04-29","39.92","8"
"Taiwan","2007-04-30","100.75","25"
"Taiwan","2007-05-14","18.93","7"
"Tanzania","2007-02-14","2.99","1"
"Tanzania","2007-02-15","5.98","2"
"Tanzania","2007-02-16","0.99","1"
"Tanzania","2007-02-17","4.99","1"
"Tanzania","2007-02-18","4.99","1"
"Tanzania","2007-02-19","3.99","1"
"Tanzania","2007-02-21","10.97","3"
"Tanzania","2007-03-01","4.99","1"
"Tanzania","2007-03-02","38.91","9"
"Tanzania","2007-03-17","31.93","7"
"Tanzania","2007-03-18","8.97","3"
"Tanzania","2007-03-19","15.96","4"
"Tanzania","2007-03-20","15.95","5"
"Tanzania","2007-03-21","14.95","5"
"Tanzania","2007-03-23","4.99","1"
"Tanzania","2007-04-06","6.98","2"
"Tanzania","2007-04-07","5.98","2"
"Tanzania","2007-04-08","16.96","4"
"Tanzania","2007-04-10","9.96","4"
"Tanzania","2007-04-11","1.98","2"
"Tanzania","2007-04-12","12.98","2"
"Tanzania","2007-04-27","18.96","4"
"Tanzania","2007-04-28","34.95","5"
"Tanzania","2007-04-29","5.98","2"
"Tanzania","2007-04-30","30.95","5"
"Tanzania","2007-05-14","4.99","1"
"Thailand","2007-02-15","6.98","2"
"Thailand","2007-02-16","8.97","3"
"Thailand","2007-02-17","17.95","5"
"Thailand","2007-02-18","17.97","3"
"Thailand","2007-02-20","6.98","2"
"Thailand","2007-02-21","4.99","1"
"Thailand","2007-03-01","26.95","5"
"Thailand","2007-03-02","5.99","1"
"Thailand","2007-03-17","6.98","2"
"Thailand","2007-03-18","13.96","4"
"Thailand","2007-03-19","17.96","4"
"Thailand","2007-03-20","32.92","8"
"Thailand","2007-03-21","7.99","1"
"Thailand","2007-03-22","26.95","5"
"Thailand","2007-03-23","7.98","2"
"Thailand","2007-04-06","8.97","3"
"Thailand","2007-04-07","17.95","5"
"Thailand","2007-04-08","15.98","2"
"Thailand","2007-04-09","11.97","3"
"Thailand","2007-04-10","12.98","2"
"Thailand","2007-04-11","8.97","3"
"Thailand","2007-04-12","10.98","2"
"Thailand","2007-04-26","0.99","1"
"Thailand","2007-04-27","16.96","4"
"Thailand","2007-04-28","21.96","4"
"Thailand","2007-04-29","20.94","6"
"Thailand","2007-04-30","34.93","7"
"Thailand","2007-05-14","5.98","2"
"Tonga","2007-02-15","8.98","2"
"Tonga","2007-02-16","0.99","1"
"Tonga","2007-03-02","5.99","1"
"Tonga","2007-03-18","5.99","1"
"Tonga","2007-03-19","8.98","2"
"Tonga","2007-03-21","1.98","2"
"Tonga","2007-03-22","2.99","1"
"Tonga","2007-04-07","9.98","2"
"Tonga","2007-04-11","5.99","1"
"Tonga","2007-04-27","4.99","1"
"Tonga","2007-04-29","2.99","1"
"Tonga","2007-04-30","4.99","1"
"Tunisia","2007-03-01","4.99","1"
"Tunisia","2007-03-19","0.99","1"
"Tunisia","2007-03-20","4.98","2"
"Tunisia","2007-03-22","5.98","2"
"Tunisia","2007-04-06","1.98","2"
"Tunisia","2007-04-07","16.97","3"
"Tunisia","2007-04-09","5.98","2"
"Tunisia","2007-04-10","2.99","1"
"Tunisia","2007-04-12","8.98","2"
"Tunisia","2007-04-29","6.98","2"
"Tunisia","2007-04-30","11.97","3"
"Tunisia","2007-05-14","0.99","1"
"Turkey","2007-02-15","11.95","5"
"Turkey","2007-02-16","25.95","5"
"Turkey","2007-02-17","40.90","10"
"Turkey","2007-02-18","22.93","7"
"Turkey","2007-02-19","23.92","8"
"Turkey","2007-02-20","22.96","4"
"Turkey","2007-02-21","14.97","3"
"Turkey","2007-03-01","60.85","15"
"Turkey","2007-03-02","70.85","15"
"Turkey","2007-03-16","7.98","2"
"Turkey","2007-03-17","31.92","8"
"Turkey","2007-03-18","64.86","14"
"Turkey","2007-03-19","81.80","20"
"Turkey","2007-03-20","57.86","14"
"Turkey","2007-03-21","60.86","14"
"Turkey","2007-03-22","80.82","18"
"Turkey","2007-03-23","63.87","13"
"Turkey","2007-04-05","7.99","1"
"Turkey","2007-04-06","48.87","13"
"Turkey","2007-04-07","42.90","10"
"Turkey","2007-04-08","70.86","14"
"Turkey","2007-04-09","11.97","3"
"Turkey","2007-04-10","18.94","6"
"Turkey","2007-04-11","68.85","15"
"Turkey","2007-04-12","88.79","21"
"Turkey","2007-04-26","11.97","3"
"Turkey","2007-04-27","85.79","21"
"Turkey","2007-04-28","104.78","22"
"Turkey","2007-04-29","61.84","16"
"Turkey","2007-04-30","118.72","28"
"Turkey","2007-05-14","10.97","3"
"Turkmenistan","2007-02-15","6.98","2"
"Turkmenistan","2007-02-17","6.99","1"
"Turkmenistan","2007-02-18","4.99","1"
"Turkmenistan","2007-02-19","8.98","2"
"Turkmenistan","2007-02-20","3.99","1"
"Turkmenistan","2007-03-01","2.99","1"
"Turkmenistan","2007-03-02","8.99","1"
"Turkmenistan","2007-03-20","16.98","2"
"Turkmenistan","2007-03-21","6.99","1"
"Turkmenistan","2007-03-23","17.97","3"
"Turkmenistan","2007-04-06","4.99","1"
"Turkmenistan","2007-04-09","2.99","1"
"Turkmenistan","2007-04-11","8.97","3"
"Turkmenistan","2007-04-26","3.99","1"
"Turkmenistan","2007-04-27","2.99","1"
"Turkmenistan","2007-04-29","6.98","2"
"Turkmenistan","2007-04-30","6.99","1"
"Turkmenistan","2007-05-14","2.99","1"
"Tuvalu","2007-02-16","3.99","1"
"Tuvalu","2007-02-17","3.99","1"
"Tuvalu","2007-02-19","3.99","1"
"Tuvalu","2007-03-01","4.99","1"
"Tuvalu","2007-03-18","0.99","1"
"Tuvalu","2007-03-19","9.98","2"
"Tuvalu","2007-03-20","3.98","2"
"Tuvalu","2007-03-23","12.97","3"
"Tuvalu","2007-04-09","9.98","2"
"Tuvalu","2007-04-10","7.98","2"
"Tuvalu","2007-04-12","4.99","1"
"Tuvalu","2007-04-27","2.99","1"
"Tuvalu","2007-04-30","22.96","4"
"Ukraine","2007-02-15","12.97","3"
"Ukraine","2007-02-16","29.93","7"
"Ukraine","2007-02-17","3.98","2"
"Ukraine","2007-02-18","8.99","1"
"Ukraine","2007-02-19","16.96","4"
"Ukraine","2007-02-21","6.97","3"
"Ukraine","2007-03-01","23.93","7"
"Ukraine","2007-03-02","16.96","4"
"Ukraine","2007-03-17","30.92","8"
"Ukraine","2007-03-18","59.90","10"
"Ukraine","2007-03-19","22.94","6"
"Ukraine","2007-03-20","34.94","6"
"Ukraine","2007-03-21","3.98","2"
"Ukraine","2007-03-22","25.95","5"
"Ukraine","2007-03-23","27.92","8"
"Ukraine","2007-04-05","2.99","1"
"Ukraine","2007-04-06","48.93","7"
"Ukraine","2007-04-07","13.98","2"
"Ukraine","2007-04-08","17.97","3"
"Ukraine","2007-04-09","26.92","8"
"Ukraine","2007-04-10","34.92","8"
"Ukraine","2007-04-11","33.92","8"
"Ukraine","2007-04-12","11.98","2"
"Ukraine","2007-04-27","21.96","4"
"Ukraine","2007-04-28","42.92","8"
"Ukraine","2007-04-29","28.94","6"
"Ukraine","2007-04-30","62.86","14"
"United Arab Emirates","2007-02-15","14.97","3"
"United Arab Emirates","2007-02-16","9.98","2"
"United Arab Emirates","2007-02-18","12.95","5"
"United Arab Emirates","2007-02-19","5.98","2"
"United Arab Emirates","2007-02-21","4.99","1"
"United Arab Emirates","2007-03-01","3.99","1"
"United Arab Emirates","2007-03-02","11.96","4"
"United Arab Emirates","2007-03-17","17.96","4"
"United Arab Emirates","2007-03-18","22.96","4"
"United Arab Emirates","2007-03-19","4.99","1"
"United Arab Emirates","2007-03-20","6.98","2"
"United Arab Emirates","2007-03-21","3.97","3"
"United Arab Emirates","2007-03-22","7.98","2"
"United Arab Emirates","2007-03-23","8.98","2"
"United Arab Emirates","2007-04-06","22.95","5"
"United Arab Emirates","2007-04-07","13.96","4"
"United Arab Emirates","2007-04-08","5.98","2"
"United Arab Emirates","2007-04-09","8.96","4"
"United Arab Emirates","2007-04-10","4.99","1"
"United Arab Emirates","2007-04-11","8.99","1"
"United Arab Emirates","2007-04-12","6.99","1"
"United Arab Emirates","2007-04-26","5.98","2"
"United Arab Emirates","2007-04-27","16.95","5"
"United Arab Emirates","2007-04-28","14.97","3"
"United Arab Emirates","2007-04-29","23.95","5"
"United Arab Emirates","2007-04-30","26.95","5"
"United Arab Emirates","2007-05-14","4.99","1"
"United Kingdom","2007-02-14","6.99","1"
"United Kingdom","2007-02-15","11.97","3"
"United Kingdom","2007-02-16","8.98","2"
"United Kingdom","2007-02-17","44.93","7"
"United Kingdom","2007-02-18","34.94","6"
"United Kingdom","2007-02-19","36.92","8"
"United Kingdom","2007-02-20","22.94","6"
"United Kingdom","2007-02-21","14.95","5"
"United Kingdom","2007-03-01","57.86","14"
"United Kingdom","2007-03-02","29.93","7"
"United Kingdom","2007-03-17","24.93","7"
"United Kingdom","2007-03-18","22.96","4"
"United Kingdom","2007-03-19","46.89","11"
"United Kingdom","2007-03-20","18.93","7"
"United Kingdom","2007-03-21","28.92","8"
"United Kingdom","2007-03-22","25.93","7"
"United Kingdom","2007-03-23","19.93","7"
"United Kingdom","2007-04-05","2.99","1"
"United Kingdom","2007-04-06","21.95","5"
"United Kingdom","2007-04-07","30.92","8"
"United Kingdom","2007-04-08","47.87","13"
"United Kingdom","2007-04-09","29.93","7"
"United Kingdom","2007-04-10","15.96","4"
"United Kingdom","2007-04-11","9.96","4"
"United Kingdom","2007-04-12","10.97","3"
"United Kingdom","2007-04-27","26.90","10"
"United Kingdom","2007-04-28","32.93","7"
"United Kingdom","2007-04-29","67.87","13"
"United Kingdom","2007-04-30","81.85","15"
"United Kingdom","2007-05-14","11.96","4"
"United States","2007-02-14","2.99","1"
"United States","2007-02-15","68.80","20"
"United States","2007-02-16","49.84","16"
"United States","2007-02-17","101.76","24"
"United States","2007-02-18","77.79","21"
"United States","2007-02-19","63.83","17"
"United States","2007-02-20","78.85","15"
"United States","2007-02-21","30.91","9"
"United States","2007-03-01","204.53","47"
"United States","2007-03-02","169.58","42"
"United States","2007-03-16","30.94","6"
"United States","2007-03-17","182.60","40"
"United States","2007-03-18","137.61","39"
"United States","2007-03-19","149.67","33"
"United States","2007-03-20","146.63","37"
"United States","2007-03-21","208.55","45"
"United States","2007-03-22","107.75","25"
"United States","2007-03-23","181.59","41"
"United States","2007-04-05","21.96","4"
"United States","2007-04-06","112.73","27"
"United States","2007-04-07","92.81","19"
"United States","2007-04-08","135.66","34"
"United States","2007-04-09","127.71","29"
"United States","2007-04-10","101.76","24"
"United States","2007-04-11","135.74","26"
"United States","2007-04-12","115.69","31"
"United States","2007-04-26","18.96","4"
"United States","2007-04-27","153.64","36"
"United States","2007-04-28","156.63","37"
"United States","2007-04-29","155.67","33"
"United States","2007-04-30","333.24","76"
"United States","2007-05-14","28.89","11"
"Venezuela","2007-02-15","9.97","3"
"Venezuela","2007-02-16","20.96","4"
"Venezuela","2007-02-17","9.97","3"
"Venezuela","2007-02-18","18.96","4"
"Venezuela","2007-02-19","17.96","4"
"Venezuela","2007-02-20","24.95","5"
"Venezuela","2007-02-21","11.96","4"
"Venezuela","2007-03-01","29.91","9"
"Venezuela","2007-03-02","22.94","6"
"Venezuela","2007-03-16","0.99","1"
"Venezuela","2007-03-17","25.96","4"
"Venezuela","2007-03-18","25.94","6"
"Venezuela","2007-03-19","20.93","7"
"Venezuela","2007-03-20","35.93","7"
"Venezuela","2007-03-21","18.96","4"
"Venezuela","2007-03-22","20.94","6"
"Venezuela","2007-03-23","16.95","5"
"Venezuela","2007-04-05","1.99","1"
"Venezuela","2007-04-06","20.96","4"
"Venezuela","2007-04-07","31.90","10"
"Venezuela","2007-04-08","9.97","3"
"Venezuela","2007-04-09","45.90","10"
"Venezuela","2007-04-10","19.95","5"
"Venezuela","2007-04-11","0.99","1"
"Venezuela","2007-04-12","24.94","6"
"Venezuela","2007-04-26","4.99","1"
"Venezuela","2007-04-27","15.95","5"
"Venezuela","2007-04-28","12.96","4"
"Venezuela","2007-04-29","24.95","5"
"Venezuela","2007-04-30","76.82","18"
"Venezuela","2007-05-14","5.98","2"
"Vietnam","2007-02-15","10.97","3"
"Vietnam","2007-02-16","18.97","3"
"Vietnam","2007-02-17","9.98","2"
"Vietnam","2007-02-18","8.99","1"
"Vietnam","2007-02-19","23.95","5"
"Vietnam","2007-02-20","5.98","2"
"Vietnam","2007-02-21","1.98","2"
"Vietnam","2007-03-01","58.88","12"
"Vietnam","2007-03-02","17.95","5"
"Vietnam","2007-03-16","0.99","1"
"Vietnam","2007-03-17","15.97","3"
"Vietnam","2007-03-18","36.92","8"
"Vietnam","2007-03-19","42.90","10"
"Vietnam","2007-03-20","13.97","3"
"Vietnam","2007-03-21","36.91","9"
"Vietnam","2007-03-22","32.90","10"
"Vietnam","2007-03-23","20.96","4"
"Vietnam","2007-04-05","12.98","2"
"Vietnam","2007-04-06","6.99","1"
"Vietnam","2007-04-07","8.97","3"
"Vietnam","2007-04-08","27.94","6"
"Vietnam","2007-04-09","31.93","7"
"Vietnam","2007-04-10","44.92","8"
"Vietnam","2007-04-11","34.94","6"
"Vietnam","2007-04-12","24.94","6"
"Vietnam","2007-04-27","18.95","5"
"Vietnam","2007-04-28","11.96","4"
"Vietnam","2007-04-29","34.91","9"
"Vietnam","2007-04-30","48.88","12"
"Vietnam","2007-05-14","8.97","3"
"Virgin Islands, U.S.","2007-02-17","8.98","2"
"Virgin Islands, U.S.","2007-02-18","3.98","2"
"Virgin Islands, U.S.","2007-02-19","0.99","1"
"Virgin Islands, U.S.","2007-02-20","7.99","1"
"Virgin Islands, U.S.","2007-02-21","4.99","1"
"Virgin Islands, U.S.","2007-03-01","1.99","1"
"Virgin Islands, U.S.","2007-03-17","4.99","1"
"Virgin Islands, U.S.","2007-03-18","5.99","1"
"Virgin Islands, U.S.","2007-03-21","12.97","3"
"Virgin Islands, U.S.","2007-04-07","4.99","1"
"Virgin Islands, U.S.","2007-04-09","5.98","2"
"Virgin Islands, U.S.","2007-04-10","0.99","1"
"Virgin Islands, U.S.","2007-04-11","2.99","1"
"Virgin Islands, U.S.","2007-04-27","23.96","4"
"Virgin Islands, U.S.","2007-04-28","4.99","1"
"Virgin Islands, U.S.","2007-04-29","4.97","3"
"Virgin Islands, U.S.","2007-04-30","19.95","5"
"Yemen","2007-02-14","2.99","1"
"Yemen","2007-02-15","2.97","3"
"Yemen","2007-02-16","7.99","1"
"Yemen","2007-02-17","4.99","1"
"Yemen","2007-02-18","6.98","2"
"Yemen","2007-02-19","7.98","2"
"Yemen","2007-02-20","9.98","2"
"Yemen","2007-02-21","5.98","2"
"Yemen","2007-03-01","8.97","3"
"Yemen","2007-03-02","11.97","3"
"Yemen","2007-03-17","18.93","7"
"Yemen","2007-03-18","32.95","5"
"Yemen","2007-03-19","18.95","5"
"Yemen","2007-03-20","9.98","2"
"Yemen","2007-03-21","37.94","6"
"Yemen","2007-03-22","4.99","1"
"Yemen","2007-03-23","13.97","3"
"Yemen","2007-04-06","30.94","6"
"Yemen","2007-04-07","22.94","6"
"Yemen","2007-04-08","37.94","6"
"Yemen","2007-04-09","15.96","4"
"Yemen","2007-04-10","0.99","1"
"Yemen","2007-04-11","26.94","6"
"Yemen","2007-04-12","9.97","3"
"Yemen","2007-04-26","16.98","2"
"Yemen","2007-04-27","8.97","3"
"Yemen","2007-04-28","11.97","3"
"Yemen","2007-04-29","46.90","10"
"Yemen","2007-04-30","31.93","7"
"Yemen","2007-05-14","2.99","1"
"Yugoslavia","2007-02-16","4.98","2"
"Yugoslavia","2007-02-18","11.98","2"
"Yugoslavia","2007-02-19","0.99","1"
"Yugoslavia","2007-02-20","12.97","3"
"Yugoslavia","2007-03-01","22.96","4"
"Yugoslavia","2007-03-02","3.99","1"
"Yugoslavia","2007-03-16","7.99","1"
"Yugoslavia","2007-03-17","4.99","1"
"Yugoslavia","2007-03-18","11.98","2"
"Yugoslavia","2007-03-19","5.98","2"
"Yugoslavia","2007-03-20","3.98","2"
"Yugoslavia","2007-03-21","5.99","1"
"Yugoslavia","2007-03-22","4.99","1"
"Yugoslavia","2007-03-23","0.99","1"
"Yugoslavia","2007-04-05","6.99","1"
"Yugoslavia","2007-04-06","28.94","6"
"Yugoslavia","2007-04-07","7.98","2"
"Yugoslavia","2007-04-08","20.95","5"
"Yugoslavia","2007-04-09","8.99","1"
"Yugoslavia","2007-04-10","7.99","1"
"Yugoslavia","2007-04-11","7.97","3"
"Yugoslavia","2007-04-12","11.97","3"
"Yugoslavia","2007-04-28","4.99","1"
"Yugoslavia","2007-04-29","5.99","1"
"Yugoslavia","2007-04-30","15.97","3"
"Zambia","2007-02-15","4.99","1"
"Zambia","2007-02-16","0.99","1"
"Zambia","2007-02-18","0.99","1"
"Zambia","2007-02-19","4.99","1"
"Zambia","2007-02-21","5.98","2"
"Zambia","2007-03-01","11.98","2"
"Zambia","2007-03-17","9.98","2"
"Zambia","2007-03-18","0.99","1"
"Zambia","2007-03-19","12.98","2"
"Zambia","2007-03-21","5.99","1"
"Zambia","2007-03-23","5.99","1"
"Zambia","2007-04-07","7.98","2"
"Zambia","2007-04-09","9.98","2"
"Zambia","2007-04-10","2.99","1"
"Zambia","2007-04-11","4.99","1"
"Zambia","2007-04-12","8.98","2"
"Zambia","2007-04-27","11.97","3"
"Zambia","2007-04-29","2.99","1"
"Zambia","2007-04-30","4.98","2"
"Zambia","2007-05-14","0.99","1"
